solid new_object
	facet normal -1.00000 0.00000 0.00000
		outer loop
			vertex -15.00000 15.00000 30.00000
			vertex -15.00000 15.00000 28.09682
			vertex -15.00000 -15.00000 28.09682
		endloop
	endfacet
	facet normal -1.00000 0.00000 0.00000
		outer loop
			vertex -15.00000 15.00000 30.00000
			vertex -15.00000 -15.00000 28.09682
			vertex -15.00000 -15.00000 30.00000
		endloop
	endfacet
	facet normal -1.00000 0.00000 0.00000
		outer loop
			vertex -15.00000 -0.00000 28.09682
			vertex -15.00000 -2.98369 27.73875
			vertex -15.00000 -15.00000 27.73875
		endloop
	endfacet
	facet normal -1.00000 0.00000 0.00000
		outer loop
			vertex -15.00000 -0.00000 28.09682
			vertex -15.00000 -15.00000 27.73875
			vertex -15.00000 -15.00000 28.09682
		endloop
	endfacet
	facet normal -1.00000 0.00000 0.00000
		outer loop
			vertex -15.00000 15.00000 28.09682
			vertex -15.00000 15.00000 27.73875
			vertex -15.00000 2.98369 27.73875
		endloop
	endfacet
	facet normal -1.00000 0.00000 0.00000
		outer loop
			vertex -15.00000 15.00000 28.09682
			vertex -15.00000 2.98369 27.73875
			vertex -15.00000 -0.00000 28.09682
		endloop
	endfacet
	facet normal -1.00000 0.00000 0.00000
		outer loop
			vertex -15.00000 -2.98369 27.73875
			vertex -15.00000 -6.21320 26.59090
			vertex -15.00000 -15.00000 26.59090
		endloop
	endfacet
	facet normal -1.00000 0.00000 0.00000
		outer loop
			vertex -15.00000 -2.98369 27.73875
			vertex -15.00000 -15.00000 26.59090
			vertex -15.00000 -15.00000 27.73875
		endloop
	endfacet
	facet normal -1.00000 0.00000 0.00000
		outer loop
			vertex -15.00000 15.00000 27.73875
			vertex -15.00000 15.00000 26.59090
			vertex -15.00000 6.21320 26.59090
		endloop
	endfacet
	facet normal -1.00000 0.00000 0.00000
		outer loop
			vertex -15.00000 15.00000 27.73875
			vertex -15.00000 6.21320 26.59090
			vertex -15.00000 2.98369 27.73875
		endloop
	endfacet
	facet normal -1.00000 0.00000 0.00000
		outer loop
			vertex -15.00000 -6.21320 26.59090
			vertex -15.00000 -7.04396 26.11140
			vertex -15.00000 -15.00000 26.11140
		endloop
	endfacet
	facet normal -1.00000 0.00000 0.00000
		outer loop
			vertex -15.00000 -6.21320 26.59090
			vertex -15.00000 -15.00000 26.11140
			vertex -15.00000 -15.00000 26.59090
		endloop
	endfacet
	facet normal -1.00000 0.00000 0.00000
		outer loop
			vertex -15.00000 15.00000 26.59090
			vertex -15.00000 15.00000 26.11140
			vertex -15.00000 7.04396 26.11140
		endloop
	endfacet
	facet normal -1.00000 0.00000 0.00000
		outer loop
			vertex -15.00000 15.00000 26.59090
			vertex -15.00000 7.04396 26.11140
			vertex -15.00000 6.21320 26.59090
		endloop
	endfacet
	facet normal -1.00000 0.00000 0.00000
		outer loop
			vertex -15.00000 -7.04396 26.11140
			vertex -15.00000 -10.02268 23.47169
			vertex -15.00000 -15.00000 23.47169
		endloop
	endfacet
	facet normal -1.00000 0.00000 0.00000
		outer loop
			vertex -15.00000 -7.04396 26.11140
			vertex -15.00000 -15.00000 23.47169
			vertex -15.00000 -15.00000 26.11140
		endloop
	endfacet
	facet normal -1.00000 0.00000 0.00000
		outer loop
			vertex -15.00000 15.00000 26.11140
			vertex -15.00000 15.00000 23.47169
			vertex -15.00000 10.02268 23.47169
		endloop
	endfacet
	facet normal -1.00000 0.00000 0.00000
		outer loop
			vertex -15.00000 15.00000 26.11140
			vertex -15.00000 10.02268 23.47169
			vertex -15.00000 7.04396 26.11140
		endloop
	endfacet
	facet normal -1.00000 0.00000 0.00000
		outer loop
			vertex -15.00000 -10.02268 23.47169
			vertex -15.00000 -10.70859 22.65367
			vertex -15.00000 -15.00000 22.65367
		endloop
	endfacet
	facet normal -1.00000 0.00000 0.00000
		outer loop
			vertex -15.00000 -10.02268 23.47169
			vertex -15.00000 -15.00000 22.65367
			vertex -15.00000 -15.00000 23.47169
		endloop
	endfacet
	facet normal -1.00000 0.00000 0.00000
		outer loop
			vertex -15.00000 15.00000 23.47169
			vertex -15.00000 15.00000 22.65367
			vertex -15.00000 10.70859 22.65367
		endloop
	endfacet
	facet normal -1.00000 0.00000 0.00000
		outer loop
			vertex -15.00000 15.00000 23.47169
			vertex -15.00000 10.70859 22.65367
			vertex -15.00000 10.02268 23.47169
		endloop
	endfacet
	facet normal -1.00000 0.00000 0.00000
		outer loop
			vertex -15.00000 -10.70859 22.65367
			vertex -15.00000 -12.49397 18.90181
			vertex -15.00000 -15.00000 18.90181
		endloop
	endfacet
	facet normal -1.00000 0.00000 0.00000
		outer loop
			vertex -15.00000 -10.70859 22.65367
			vertex -15.00000 -15.00000 18.90181
			vertex -15.00000 -15.00000 22.65367
		endloop
	endfacet
	facet normal -1.00000 0.00000 0.00000
		outer loop
			vertex -15.00000 15.00000 22.65367
			vertex -15.00000 15.00000 18.90181
			vertex -15.00000 12.49397 18.90181
		endloop
	endfacet
	facet normal -1.00000 0.00000 0.00000
		outer loop
			vertex -15.00000 15.00000 22.65367
			vertex -15.00000 12.49397 18.90181
			vertex -15.00000 10.70859 22.65367
		endloop
	endfacet
	facet normal -1.00000 0.00000 0.00000
		outer loop
			vertex -15.00000 -12.49397 18.90181
			vertex -15.00000 -13.09682 15.00000
			vertex -15.00000 -15.00000 15.00000
		endloop
	endfacet
	facet normal -1.00000 0.00000 0.00000
		outer loop
			vertex -15.00000 -12.49397 18.90181
			vertex -15.00000 -15.00000 15.00000
			vertex -15.00000 -15.00000 18.90181
		endloop
	endfacet
	facet normal -1.00000 0.00000 0.00000
		outer loop
			vertex -15.00000 15.00000 18.90181
			vertex -15.00000 15.00000 15.00000
			vertex -15.00000 13.09682 15.00000
		endloop
	endfacet
	facet normal -1.00000 0.00000 0.00000
		outer loop
			vertex -15.00000 15.00000 18.90181
			vertex -15.00000 13.09682 15.00000
			vertex -15.00000 12.49397 18.90181
		endloop
	endfacet
	facet normal -1.00000 0.00000 0.00000
		outer loop
			vertex -15.00000 -13.09682 15.00000
			vertex -15.00000 -12.49397 11.09819
			vertex -15.00000 -15.00000 11.09819
		endloop
	endfacet
	facet normal -1.00000 0.00000 0.00000
		outer loop
			vertex -15.00000 -13.09682 15.00000
			vertex -15.00000 -15.00000 11.09819
			vertex -15.00000 -15.00000 15.00000
		endloop
	endfacet
	facet normal -1.00000 0.00000 0.00000
		outer loop
			vertex -15.00000 15.00000 15.00000
			vertex -15.00000 15.00000 11.09819
			vertex -15.00000 12.49397 11.09819
		endloop
	endfacet
	facet normal -1.00000 0.00000 0.00000
		outer loop
			vertex -15.00000 15.00000 15.00000
			vertex -15.00000 12.49397 11.09819
			vertex -15.00000 13.09682 15.00000
		endloop
	endfacet
	facet normal -1.00000 0.00000 0.00000
		outer loop
			vertex -15.00000 -12.49397 11.09819
			vertex -15.00000 -10.70859 7.34633
			vertex -15.00000 -15.00000 7.34633
		endloop
	endfacet
	facet normal -1.00000 0.00000 0.00000
		outer loop
			vertex -15.00000 -12.49397 11.09819
			vertex -15.00000 -15.00000 7.34633
			vertex -15.00000 -15.00000 11.09819
		endloop
	endfacet
	facet normal -1.00000 0.00000 0.00000
		outer loop
			vertex -15.00000 15.00000 11.09819
			vertex -15.00000 15.00000 7.34633
			vertex -15.00000 10.70859 7.34633
		endloop
	endfacet
	facet normal -1.00000 0.00000 0.00000
		outer loop
			vertex -15.00000 15.00000 11.09819
			vertex -15.00000 10.70859 7.34633
			vertex -15.00000 12.49397 11.09819
		endloop
	endfacet
	facet normal -1.00000 0.00000 0.00000
		outer loop
			vertex -15.00000 -10.70859 7.34633
			vertex -15.00000 -10.02268 6.52831
			vertex -15.00000 -15.00000 6.52831
		endloop
	endfacet
	facet normal -1.00000 0.00000 0.00000
		outer loop
			vertex -15.00000 -10.70859 7.34633
			vertex -15.00000 -15.00000 6.52831
			vertex -15.00000 -15.00000 7.34633
		endloop
	endfacet
	facet normal -1.00000 0.00000 0.00000
		outer loop
			vertex -15.00000 15.00000 7.34633
			vertex -15.00000 15.00000 6.52831
			vertex -15.00000 10.02268 6.52831
		endloop
	endfacet
	facet normal -1.00000 0.00000 0.00000
		outer loop
			vertex -15.00000 15.00000 7.34633
			vertex -15.00000 10.02268 6.52831
			vertex -15.00000 10.70859 7.34633
		endloop
	endfacet
	facet normal -1.00000 0.00000 0.00000
		outer loop
			vertex -15.00000 -10.02268 6.52831
			vertex -15.00000 -7.04396 3.88860
			vertex -15.00000 -15.00000 3.88860
		endloop
	endfacet
	facet normal -1.00000 0.00000 0.00000
		outer loop
			vertex -15.00000 -10.02268 6.52831
			vertex -15.00000 -15.00000 3.88860
			vertex -15.00000 -15.00000 6.52831
		endloop
	endfacet
	facet normal -1.00000 0.00000 0.00000
		outer loop
			vertex -15.00000 15.00000 6.52831
			vertex -15.00000 15.00000 3.88860
			vertex -15.00000 7.04396 3.88860
		endloop
	endfacet
	facet normal -1.00000 0.00000 0.00000
		outer loop
			vertex -15.00000 15.00000 6.52831
			vertex -15.00000 7.04396 3.88860
			vertex -15.00000 10.02268 6.52831
		endloop
	endfacet
	facet normal -1.00000 0.00000 0.00000
		outer loop
			vertex -15.00000 -7.04396 3.88860
			vertex -15.00000 -6.21320 3.40910
			vertex -15.00000 -15.00000 3.40910
		endloop
	endfacet
	facet normal -1.00000 0.00000 0.00000
		outer loop
			vertex -15.00000 -7.04396 3.88860
			vertex -15.00000 -15.00000 3.40910
			vertex -15.00000 -15.00000 3.88860
		endloop
	endfacet
	facet normal -1.00000 0.00000 0.00000
		outer loop
			vertex -15.00000 15.00000 3.88860
			vertex -15.00000 15.00000 3.40910
			vertex -15.00000 6.21320 3.40910
		endloop
	endfacet
	facet normal -1.00000 0.00000 0.00000
		outer loop
			vertex -15.00000 15.00000 3.88860
			vertex -15.00000 6.21320 3.40910
			vertex -15.00000 7.04396 3.88860
		endloop
	endfacet
	facet normal -1.00000 0.00000 0.00000
		outer loop
			vertex -15.00000 -6.21320 3.40910
			vertex -15.00000 -2.98369 2.26125
			vertex -15.00000 -15.00000 2.26125
		endloop
	endfacet
	facet normal -1.00000 0.00000 0.00000
		outer loop
			vertex -15.00000 -6.21320 3.40910
			vertex -15.00000 -15.00000 2.26125
			vertex -15.00000 -15.00000 3.40910
		endloop
	endfacet
	facet normal -1.00000 0.00000 0.00000
		outer loop
			vertex -15.00000 15.00000 3.40910
			vertex -15.00000 15.00000 2.26125
			vertex -15.00000 2.98369 2.26125
		endloop
	endfacet
	facet normal -1.00000 0.00000 0.00000
		outer loop
			vertex -15.00000 15.00000 3.40910
			vertex -15.00000 2.98369 2.26125
			vertex -15.00000 6.21320 3.40910
		endloop
	endfacet
	facet normal -1.00000 0.00000 0.00000
		outer loop
			vertex -15.00000 -2.98369 2.26125
			vertex -15.00000 0.00000 1.90318
			vertex -15.00000 -15.00000 1.90318
		endloop
	endfacet
	facet normal -1.00000 0.00000 0.00000
		outer loop
			vertex -15.00000 -2.98369 2.26125
			vertex -15.00000 -15.00000 1.90318
			vertex -15.00000 -15.00000 2.26125
		endloop
	endfacet
	facet normal -1.00000 0.00000 0.00000
		outer loop
			vertex -15.00000 15.00000 2.26125
			vertex -15.00000 15.00000 1.90318
			vertex -15.00000 0.00000 1.90318
		endloop
	endfacet
	facet normal -1.00000 0.00000 0.00000
		outer loop
			vertex -15.00000 15.00000 2.26125
			vertex -15.00000 0.00000 1.90318
			vertex -15.00000 2.98369 2.26125
		endloop
	endfacet
	facet normal -1.00000 0.00000 0.00000
		outer loop
			vertex -15.00000 15.00000 1.90318
			vertex -15.00000 15.00000 0.00000
			vertex -15.00000 -15.00000 0.00000
		endloop
	endfacet
	facet normal -1.00000 0.00000 0.00000
		outer loop
			vertex -15.00000 15.00000 1.90318
			vertex -15.00000 -15.00000 0.00000
			vertex -15.00000 -15.00000 1.90318
		endloop
	endfacet
	facet normal 1.00000 0.00000 0.00000
		outer loop
			vertex 15.00000 15.00000 0.00000
			vertex 15.00000 15.00000 1.90318
			vertex 15.00000 -15.00000 1.90318
		endloop
	endfacet
	facet normal 1.00000 0.00000 0.00000
		outer loop
			vertex 15.00000 15.00000 0.00000
			vertex 15.00000 -15.00000 1.90318
			vertex 15.00000 -15.00000 0.00000
		endloop
	endfacet
	facet normal 1.00000 0.00000 0.00000
		outer loop
			vertex 15.00000 -0.00000 1.90318
			vertex 15.00000 -2.98369 2.26125
			vertex 15.00000 -15.00000 2.26125
		endloop
	endfacet
	facet normal 1.00000 0.00000 0.00000
		outer loop
			vertex 15.00000 -0.00000 1.90318
			vertex 15.00000 -15.00000 2.26125
			vertex 15.00000 -15.00000 1.90318
		endloop
	endfacet
	facet normal 1.00000 0.00000 0.00000
		outer loop
			vertex 15.00000 15.00000 1.90318
			vertex 15.00000 15.00000 2.26125
			vertex 15.00000 2.98369 2.26125
		endloop
	endfacet
	facet normal 1.00000 0.00000 0.00000
		outer loop
			vertex 15.00000 15.00000 1.90318
			vertex 15.00000 2.98369 2.26125
			vertex 15.00000 -0.00000 1.90318
		endloop
	endfacet
	facet normal 1.00000 0.00000 0.00000
		outer loop
			vertex 15.00000 -2.98369 2.26125
			vertex 15.00000 -6.21320 3.40910
			vertex 15.00000 -15.00000 3.40910
		endloop
	endfacet
	facet normal 1.00000 0.00000 0.00000
		outer loop
			vertex 15.00000 -2.98369 2.26125
			vertex 15.00000 -15.00000 3.40910
			vertex 15.00000 -15.00000 2.26125
		endloop
	endfacet
	facet normal 1.00000 0.00000 0.00000
		outer loop
			vertex 15.00000 15.00000 2.26125
			vertex 15.00000 15.00000 3.40910
			vertex 15.00000 6.21320 3.40910
		endloop
	endfacet
	facet normal 1.00000 0.00000 0.00000
		outer loop
			vertex 15.00000 15.00000 2.26125
			vertex 15.00000 6.21320 3.40910
			vertex 15.00000 2.98369 2.26125
		endloop
	endfacet
	facet normal 1.00000 0.00000 0.00000
		outer loop
			vertex 15.00000 -6.21320 3.40910
			vertex 15.00000 -7.04396 3.88860
			vertex 15.00000 -15.00000 3.88860
		endloop
	endfacet
	facet normal 1.00000 0.00000 0.00000
		outer loop
			vertex 15.00000 -6.21320 3.40910
			vertex 15.00000 -15.00000 3.88860
			vertex 15.00000 -15.00000 3.40910
		endloop
	endfacet
	facet normal 1.00000 0.00000 0.00000
		outer loop
			vertex 15.00000 15.00000 3.40910
			vertex 15.00000 15.00000 3.88860
			vertex 15.00000 7.04396 3.88860
		endloop
	endfacet
	facet normal 1.00000 0.00000 0.00000
		outer loop
			vertex 15.00000 15.00000 3.40910
			vertex 15.00000 7.04396 3.88860
			vertex 15.00000 6.21320 3.40910
		endloop
	endfacet
	facet normal 1.00000 0.00000 0.00000
		outer loop
			vertex 15.00000 -7.04396 3.88860
			vertex 15.00000 -10.02268 6.52831
			vertex 15.00000 -15.00000 6.52831
		endloop
	endfacet
	facet normal 1.00000 0.00000 0.00000
		outer loop
			vertex 15.00000 -7.04396 3.88860
			vertex 15.00000 -15.00000 6.52831
			vertex 15.00000 -15.00000 3.88860
		endloop
	endfacet
	facet normal 1.00000 0.00000 0.00000
		outer loop
			vertex 15.00000 15.00000 3.88860
			vertex 15.00000 15.00000 6.52831
			vertex 15.00000 10.02268 6.52831
		endloop
	endfacet
	facet normal 1.00000 0.00000 0.00000
		outer loop
			vertex 15.00000 15.00000 3.88860
			vertex 15.00000 10.02268 6.52831
			vertex 15.00000 7.04396 3.88860
		endloop
	endfacet
	facet normal 1.00000 0.00000 0.00000
		outer loop
			vertex 15.00000 -10.02268 6.52831
			vertex 15.00000 -10.70859 7.34633
			vertex 15.00000 -15.00000 7.34633
		endloop
	endfacet
	facet normal 1.00000 0.00000 0.00000
		outer loop
			vertex 15.00000 -10.02268 6.52831
			vertex 15.00000 -15.00000 7.34633
			vertex 15.00000 -15.00000 6.52831
		endloop
	endfacet
	facet normal 1.00000 0.00000 0.00000
		outer loop
			vertex 15.00000 15.00000 6.52831
			vertex 15.00000 15.00000 7.34633
			vertex 15.00000 10.70859 7.34633
		endloop
	endfacet
	facet normal 1.00000 0.00000 0.00000
		outer loop
			vertex 15.00000 15.00000 6.52831
			vertex 15.00000 10.70859 7.34633
			vertex 15.00000 10.02268 6.52831
		endloop
	endfacet
	facet normal 1.00000 0.00000 0.00000
		outer loop
			vertex 15.00000 -10.70859 7.34633
			vertex 15.00000 -12.49397 11.09819
			vertex 15.00000 -15.00000 11.09819
		endloop
	endfacet
	facet normal 1.00000 0.00000 0.00000
		outer loop
			vertex 15.00000 -10.70859 7.34633
			vertex 15.00000 -15.00000 11.09819
			vertex 15.00000 -15.00000 7.34633
		endloop
	endfacet
	facet normal 1.00000 0.00000 0.00000
		outer loop
			vertex 15.00000 15.00000 7.34633
			vertex 15.00000 15.00000 11.09819
			vertex 15.00000 12.49397 11.09819
		endloop
	endfacet
	facet normal 1.00000 0.00000 0.00000
		outer loop
			vertex 15.00000 15.00000 7.34633
			vertex 15.00000 12.49397 11.09819
			vertex 15.00000 10.70859 7.34633
		endloop
	endfacet
	facet normal 1.00000 0.00000 0.00000
		outer loop
			vertex 15.00000 -12.49397 11.09819
			vertex 15.00000 -13.09682 15.00000
			vertex 15.00000 -15.00000 15.00000
		endloop
	endfacet
	facet normal 1.00000 0.00000 0.00000
		outer loop
			vertex 15.00000 -12.49397 11.09819
			vertex 15.00000 -15.00000 15.00000
			vertex 15.00000 -15.00000 11.09819
		endloop
	endfacet
	facet normal 1.00000 0.00000 0.00000
		outer loop
			vertex 15.00000 15.00000 11.09819
			vertex 15.00000 15.00000 15.00000
			vertex 15.00000 13.09682 15.00000
		endloop
	endfacet
	facet normal 1.00000 0.00000 0.00000
		outer loop
			vertex 15.00000 15.00000 11.09819
			vertex 15.00000 13.09682 15.00000
			vertex 15.00000 12.49397 11.09819
		endloop
	endfacet
	facet normal 1.00000 0.00000 0.00000
		outer loop
			vertex 15.00000 -13.09682 15.00000
			vertex 15.00000 -12.49397 18.90181
			vertex 15.00000 -15.00000 18.90181
		endloop
	endfacet
	facet normal 1.00000 0.00000 0.00000
		outer loop
			vertex 15.00000 -13.09682 15.00000
			vertex 15.00000 -15.00000 18.90181
			vertex 15.00000 -15.00000 15.00000
		endloop
	endfacet
	facet normal 1.00000 0.00000 0.00000
		outer loop
			vertex 15.00000 15.00000 15.00000
			vertex 15.00000 15.00000 18.90181
			vertex 15.00000 12.49397 18.90181
		endloop
	endfacet
	facet normal 1.00000 0.00000 0.00000
		outer loop
			vertex 15.00000 15.00000 15.00000
			vertex 15.00000 12.49397 18.90181
			vertex 15.00000 13.09682 15.00000
		endloop
	endfacet
	facet normal 1.00000 0.00000 0.00000
		outer loop
			vertex 15.00000 -12.49397 18.90181
			vertex 15.00000 -10.70859 22.65367
			vertex 15.00000 -15.00000 22.65367
		endloop
	endfacet
	facet normal 1.00000 0.00000 0.00000
		outer loop
			vertex 15.00000 -12.49397 18.90181
			vertex 15.00000 -15.00000 22.65367
			vertex 15.00000 -15.00000 18.90181
		endloop
	endfacet
	facet normal 1.00000 0.00000 0.00000
		outer loop
			vertex 15.00000 15.00000 18.90181
			vertex 15.00000 15.00000 22.65367
			vertex 15.00000 10.70859 22.65367
		endloop
	endfacet
	facet normal 1.00000 0.00000 0.00000
		outer loop
			vertex 15.00000 15.00000 18.90181
			vertex 15.00000 10.70859 22.65367
			vertex 15.00000 12.49397 18.90181
		endloop
	endfacet
	facet normal 1.00000 0.00000 0.00000
		outer loop
			vertex 15.00000 -10.70859 22.65367
			vertex 15.00000 -10.02268 23.47169
			vertex 15.00000 -15.00000 23.47169
		endloop
	endfacet
	facet normal 1.00000 0.00000 0.00000
		outer loop
			vertex 15.00000 -10.70859 22.65367
			vertex 15.00000 -15.00000 23.47169
			vertex 15.00000 -15.00000 22.65367
		endloop
	endfacet
	facet normal 1.00000 0.00000 0.00000
		outer loop
			vertex 15.00000 15.00000 22.65367
			vertex 15.00000 15.00000 23.47169
			vertex 15.00000 10.02268 23.47169
		endloop
	endfacet
	facet normal 1.00000 0.00000 0.00000
		outer loop
			vertex 15.00000 15.00000 22.65367
			vertex 15.00000 10.02268 23.47169
			vertex 15.00000 10.70859 22.65367
		endloop
	endfacet
	facet normal 1.00000 0.00000 0.00000
		outer loop
			vertex 15.00000 -10.02268 23.47169
			vertex 15.00000 -7.04396 26.11140
			vertex 15.00000 -15.00000 26.11140
		endloop
	endfacet
	facet normal 1.00000 0.00000 0.00000
		outer loop
			vertex 15.00000 -10.02268 23.47169
			vertex 15.00000 -15.00000 26.11140
			vertex 15.00000 -15.00000 23.47169
		endloop
	endfacet
	facet normal 1.00000 0.00000 0.00000
		outer loop
			vertex 15.00000 15.00000 23.47169
			vertex 15.00000 15.00000 26.11140
			vertex 15.00000 7.04396 26.11140
		endloop
	endfacet
	facet normal 1.00000 0.00000 0.00000
		outer loop
			vertex 15.00000 15.00000 23.47169
			vertex 15.00000 7.04396 26.11140
			vertex 15.00000 10.02268 23.47169
		endloop
	endfacet
	facet normal 1.00000 0.00000 0.00000
		outer loop
			vertex 15.00000 -7.04396 26.11140
			vertex 15.00000 -6.21320 26.59090
			vertex 15.00000 -15.00000 26.59090
		endloop
	endfacet
	facet normal 1.00000 0.00000 0.00000
		outer loop
			vertex 15.00000 -7.04396 26.11140
			vertex 15.00000 -15.00000 26.59090
			vertex 15.00000 -15.00000 26.11140
		endloop
	endfacet
	facet normal 1.00000 0.00000 0.00000
		outer loop
			vertex 15.00000 15.00000 26.11140
			vertex 15.00000 15.00000 26.59090
			vertex 15.00000 6.21320 26.59090
		endloop
	endfacet
	facet normal 1.00000 0.00000 0.00000
		outer loop
			vertex 15.00000 15.00000 26.11140
			vertex 15.00000 6.21320 26.59090
			vertex 15.00000 7.04396 26.11140
		endloop
	endfacet
	facet normal 1.00000 0.00000 0.00000
		outer loop
			vertex 15.00000 -6.21320 26.59090
			vertex 15.00000 -2.98369 27.73875
			vertex 15.00000 -15.00000 27.73875
		endloop
	endfacet
	facet normal 1.00000 0.00000 0.00000
		outer loop
			vertex 15.00000 -6.21320 26.59090
			vertex 15.00000 -15.00000 27.73875
			vertex 15.00000 -15.00000 26.59090
		endloop
	endfacet
	facet normal 1.00000 0.00000 0.00000
		outer loop
			vertex 15.00000 15.00000 26.59090
			vertex 15.00000 15.00000 27.73875
			vertex 15.00000 2.98369 27.73875
		endloop
	endfacet
	facet normal 1.00000 0.00000 0.00000
		outer loop
			vertex 15.00000 15.00000 26.59090
			vertex 15.00000 2.98369 27.73875
			vertex 15.00000 6.21320 26.59090
		endloop
	endfacet
	facet normal 1.00000 0.00000 0.00000
		outer loop
			vertex 15.00000 -2.98369 27.73875
			vertex 15.00000 0.00000 28.09682
			vertex 15.00000 -15.00000 28.09682
		endloop
	endfacet
	facet normal 1.00000 0.00000 0.00000
		outer loop
			vertex 15.00000 -2.98369 27.73875
			vertex 15.00000 -15.00000 28.09682
			vertex 15.00000 -15.00000 27.73875
		endloop
	endfacet
	facet normal 1.00000 0.00000 0.00000
		outer loop
			vertex 15.00000 15.00000 27.73875
			vertex 15.00000 15.00000 28.09682
			vertex 15.00000 0.00000 28.09682
		endloop
	endfacet
	facet normal 1.00000 0.00000 0.00000
		outer loop
			vertex 15.00000 15.00000 27.73875
			vertex 15.00000 0.00000 28.09682
			vertex 15.00000 2.98369 27.73875
		endloop
	endfacet
	facet normal 1.00000 0.00000 0.00000
		outer loop
			vertex 15.00000 15.00000 28.09682
			vertex 15.00000 15.00000 30.00000
			vertex 15.00000 -15.00000 30.00000
		endloop
	endfacet
	facet normal 1.00000 0.00000 0.00000
		outer loop
			vertex 15.00000 15.00000 28.09682
			vertex 15.00000 -15.00000 30.00000
			vertex 15.00000 -15.00000 28.09682
		endloop
	endfacet
	facet normal 0.00000 -1.00000 0.00000
		outer loop
			vertex 15.00000 -15.00000 0.00000
			vertex 15.00000 -15.00000 1.90318
			vertex -15.00000 -15.00000 1.90318
		endloop
	endfacet
	facet normal 0.00000 -1.00000 0.00000
		outer loop
			vertex 15.00000 -15.00000 0.00000
			vertex -15.00000 -15.00000 1.90318
			vertex -15.00000 -15.00000 0.00000
		endloop
	endfacet
	facet normal 0.00000 -1.00000 0.00000
		outer loop
			vertex -0.00000 -15.00000 1.90318
			vertex -2.98369 -15.00000 2.26125
			vertex -15.00000 -15.00000 2.26125
		endloop
	endfacet
	facet normal 0.00000 -1.00000 0.00000
		outer loop
			vertex -0.00000 -15.00000 1.90318
			vertex -15.00000 -15.00000 2.26125
			vertex -15.00000 -15.00000 1.90318
		endloop
	endfacet
	facet normal 0.00000 -1.00000 0.00000
		outer loop
			vertex 15.00000 -15.00000 1.90318
			vertex 15.00000 -15.00000 2.26125
			vertex 2.98369 -15.00000 2.26125
		endloop
	endfacet
	facet normal 0.00000 -1.00000 0.00000
		outer loop
			vertex 15.00000 -15.00000 1.90318
			vertex 2.98369 -15.00000 2.26125
			vertex -0.00000 -15.00000 1.90318
		endloop
	endfacet
	facet normal 0.00000 -1.00000 0.00000
		outer loop
			vertex -2.98369 -15.00000 2.26125
			vertex -6.21320 -15.00000 3.40910
			vertex -15.00000 -15.00000 3.40910
		endloop
	endfacet
	facet normal 0.00000 -1.00000 0.00000
		outer loop
			vertex -2.98369 -15.00000 2.26125
			vertex -15.00000 -15.00000 3.40910
			vertex -15.00000 -15.00000 2.26125
		endloop
	endfacet
	facet normal 0.00000 -1.00000 0.00000
		outer loop
			vertex 15.00000 -15.00000 2.26125
			vertex 15.00000 -15.00000 3.40910
			vertex 6.21320 -15.00000 3.40910
		endloop
	endfacet
	facet normal 0.00000 -1.00000 0.00000
		outer loop
			vertex 15.00000 -15.00000 2.26125
			vertex 6.21320 -15.00000 3.40910
			vertex 2.98369 -15.00000 2.26125
		endloop
	endfacet
	facet normal 0.00000 -1.00000 0.00000
		outer loop
			vertex -6.21320 -15.00000 3.40910
			vertex -7.04396 -15.00000 3.88860
			vertex -15.00000 -15.00000 3.88860
		endloop
	endfacet
	facet normal 0.00000 -1.00000 0.00000
		outer loop
			vertex -6.21320 -15.00000 3.40910
			vertex -15.00000 -15.00000 3.88860
			vertex -15.00000 -15.00000 3.40910
		endloop
	endfacet
	facet normal 0.00000 -1.00000 0.00000
		outer loop
			vertex 15.00000 -15.00000 3.40910
			vertex 15.00000 -15.00000 3.88860
			vertex 7.04396 -15.00000 3.88860
		endloop
	endfacet
	facet normal 0.00000 -1.00000 0.00000
		outer loop
			vertex 15.00000 -15.00000 3.40910
			vertex 7.04396 -15.00000 3.88860
			vertex 6.21320 -15.00000 3.40910
		endloop
	endfacet
	facet normal 0.00000 -1.00000 0.00000
		outer loop
			vertex -7.04396 -15.00000 3.88860
			vertex -10.02268 -15.00000 6.52831
			vertex -15.00000 -15.00000 6.52831
		endloop
	endfacet
	facet normal 0.00000 -1.00000 0.00000
		outer loop
			vertex -7.04396 -15.00000 3.88860
			vertex -15.00000 -15.00000 6.52831
			vertex -15.00000 -15.00000 3.88860
		endloop
	endfacet
	facet normal 0.00000 -1.00000 0.00000
		outer loop
			vertex 15.00000 -15.00000 3.88860
			vertex 15.00000 -15.00000 6.52831
			vertex 10.02268 -15.00000 6.52831
		endloop
	endfacet
	facet normal 0.00000 -1.00000 0.00000
		outer loop
			vertex 15.00000 -15.00000 3.88860
			vertex 10.02268 -15.00000 6.52831
			vertex 7.04396 -15.00000 3.88860
		endloop
	endfacet
	facet normal 0.00000 -1.00000 0.00000
		outer loop
			vertex -10.02268 -15.00000 6.52831
			vertex -10.70859 -15.00000 7.34633
			vertex -15.00000 -15.00000 7.34633
		endloop
	endfacet
	facet normal 0.00000 -1.00000 0.00000
		outer loop
			vertex -10.02268 -15.00000 6.52831
			vertex -15.00000 -15.00000 7.34633
			vertex -15.00000 -15.00000 6.52831
		endloop
	endfacet
	facet normal 0.00000 -1.00000 0.00000
		outer loop
			vertex 15.00000 -15.00000 6.52831
			vertex 15.00000 -15.00000 7.34633
			vertex 10.70859 -15.00000 7.34633
		endloop
	endfacet
	facet normal 0.00000 -1.00000 0.00000
		outer loop
			vertex 15.00000 -15.00000 6.52831
			vertex 10.70859 -15.00000 7.34633
			vertex 10.02268 -15.00000 6.52831
		endloop
	endfacet
	facet normal 0.00000 -1.00000 0.00000
		outer loop
			vertex -10.70859 -15.00000 7.34633
			vertex -12.49397 -15.00000 11.09819
			vertex -15.00000 -15.00000 11.09819
		endloop
	endfacet
	facet normal 0.00000 -1.00000 0.00000
		outer loop
			vertex -10.70859 -15.00000 7.34633
			vertex -15.00000 -15.00000 11.09819
			vertex -15.00000 -15.00000 7.34633
		endloop
	endfacet
	facet normal 0.00000 -1.00000 0.00000
		outer loop
			vertex 15.00000 -15.00000 7.34633
			vertex 15.00000 -15.00000 11.09819
			vertex 12.49397 -15.00000 11.09819
		endloop
	endfacet
	facet normal 0.00000 -1.00000 0.00000
		outer loop
			vertex 15.00000 -15.00000 7.34633
			vertex 12.49397 -15.00000 11.09819
			vertex 10.70859 -15.00000 7.34633
		endloop
	endfacet
	facet normal 0.00000 -1.00000 0.00000
		outer loop
			vertex -12.49397 -15.00000 11.09819
			vertex -13.09682 -15.00000 15.00000
			vertex -15.00000 -15.00000 15.00000
		endloop
	endfacet
	facet normal 0.00000 -1.00000 0.00000
		outer loop
			vertex -12.49397 -15.00000 11.09819
			vertex -15.00000 -15.00000 15.00000
			vertex -15.00000 -15.00000 11.09819
		endloop
	endfacet
	facet normal 0.00000 -1.00000 0.00000
		outer loop
			vertex 15.00000 -15.00000 11.09819
			vertex 15.00000 -15.00000 15.00000
			vertex 13.09682 -15.00000 15.00000
		endloop
	endfacet
	facet normal 0.00000 -1.00000 0.00000
		outer loop
			vertex 15.00000 -15.00000 11.09819
			vertex 13.09682 -15.00000 15.00000
			vertex 12.49397 -15.00000 11.09819
		endloop
	endfacet
	facet normal 0.00000 -1.00000 0.00000
		outer loop
			vertex -13.09682 -15.00000 15.00000
			vertex -12.49397 -15.00000 18.90181
			vertex -15.00000 -15.00000 18.90181
		endloop
	endfacet
	facet normal 0.00000 -1.00000 0.00000
		outer loop
			vertex -13.09682 -15.00000 15.00000
			vertex -15.00000 -15.00000 18.90181
			vertex -15.00000 -15.00000 15.00000
		endloop
	endfacet
	facet normal 0.00000 -1.00000 0.00000
		outer loop
			vertex 15.00000 -15.00000 15.00000
			vertex 15.00000 -15.00000 18.90181
			vertex 12.49397 -15.00000 18.90181
		endloop
	endfacet
	facet normal 0.00000 -1.00000 0.00000
		outer loop
			vertex 15.00000 -15.00000 15.00000
			vertex 12.49397 -15.00000 18.90181
			vertex 13.09682 -15.00000 15.00000
		endloop
	endfacet
	facet normal 0.00000 -1.00000 0.00000
		outer loop
			vertex -12.49397 -15.00000 18.90181
			vertex -10.70859 -15.00000 22.65367
			vertex -15.00000 -15.00000 22.65367
		endloop
	endfacet
	facet normal 0.00000 -1.00000 0.00000
		outer loop
			vertex -12.49397 -15.00000 18.90181
			vertex -15.00000 -15.00000 22.65367
			vertex -15.00000 -15.00000 18.90181
		endloop
	endfacet
	facet normal 0.00000 -1.00000 0.00000
		outer loop
			vertex 15.00000 -15.00000 18.90181
			vertex 15.00000 -15.00000 22.65367
			vertex 10.70859 -15.00000 22.65367
		endloop
	endfacet
	facet normal 0.00000 -1.00000 0.00000
		outer loop
			vertex 15.00000 -15.00000 18.90181
			vertex 10.70859 -15.00000 22.65367
			vertex 12.49397 -15.00000 18.90181
		endloop
	endfacet
	facet normal 0.00000 -1.00000 0.00000
		outer loop
			vertex -10.70859 -15.00000 22.65367
			vertex -10.02268 -15.00000 23.47169
			vertex -15.00000 -15.00000 23.47169
		endloop
	endfacet
	facet normal 0.00000 -1.00000 0.00000
		outer loop
			vertex -10.70859 -15.00000 22.65367
			vertex -15.00000 -15.00000 23.47169
			vertex -15.00000 -15.00000 22.65367
		endloop
	endfacet
	facet normal 0.00000 -1.00000 0.00000
		outer loop
			vertex 15.00000 -15.00000 22.65367
			vertex 15.00000 -15.00000 23.47169
			vertex 10.02268 -15.00000 23.47169
		endloop
	endfacet
	facet normal 0.00000 -1.00000 0.00000
		outer loop
			vertex 15.00000 -15.00000 22.65367
			vertex 10.02268 -15.00000 23.47169
			vertex 10.70859 -15.00000 22.65367
		endloop
	endfacet
	facet normal 0.00000 -1.00000 0.00000
		outer loop
			vertex -10.02268 -15.00000 23.47169
			vertex -7.04396 -15.00000 26.11140
			vertex -15.00000 -15.00000 26.11140
		endloop
	endfacet
	facet normal 0.00000 -1.00000 0.00000
		outer loop
			vertex -10.02268 -15.00000 23.47169
			vertex -15.00000 -15.00000 26.11140
			vertex -15.00000 -15.00000 23.47169
		endloop
	endfacet
	facet normal 0.00000 -1.00000 0.00000
		outer loop
			vertex 15.00000 -15.00000 23.47169
			vertex 15.00000 -15.00000 26.11140
			vertex 7.04396 -15.00000 26.11140
		endloop
	endfacet
	facet normal 0.00000 -1.00000 0.00000
		outer loop
			vertex 15.00000 -15.00000 23.47169
			vertex 7.04396 -15.00000 26.11140
			vertex 10.02268 -15.00000 23.47169
		endloop
	endfacet
	facet normal 0.00000 -1.00000 0.00000
		outer loop
			vertex -7.04396 -15.00000 26.11140
			vertex -6.21320 -15.00000 26.59090
			vertex -15.00000 -15.00000 26.59090
		endloop
	endfacet
	facet normal 0.00000 -1.00000 0.00000
		outer loop
			vertex -7.04396 -15.00000 26.11140
			vertex -15.00000 -15.00000 26.59090
			vertex -15.00000 -15.00000 26.11140
		endloop
	endfacet
	facet normal 0.00000 -1.00000 0.00000
		outer loop
			vertex 15.00000 -15.00000 26.11140
			vertex 15.00000 -15.00000 26.59090
			vertex 6.21320 -15.00000 26.59090
		endloop
	endfacet
	facet normal 0.00000 -1.00000 0.00000
		outer loop
			vertex 15.00000 -15.00000 26.11140
			vertex 6.21320 -15.00000 26.59090
			vertex 7.04396 -15.00000 26.11140
		endloop
	endfacet
	facet normal 0.00000 -1.00000 0.00000
		outer loop
			vertex -6.21320 -15.00000 26.59090
			vertex -2.98369 -15.00000 27.73875
			vertex -15.00000 -15.00000 27.73875
		endloop
	endfacet
	facet normal 0.00000 -1.00000 0.00000
		outer loop
			vertex -6.21320 -15.00000 26.59090
			vertex -15.00000 -15.00000 27.73875
			vertex -15.00000 -15.00000 26.59090
		endloop
	endfacet
	facet normal 0.00000 -1.00000 0.00000
		outer loop
			vertex 15.00000 -15.00000 26.59090
			vertex 15.00000 -15.00000 27.73875
			vertex 2.98369 -15.00000 27.73875
		endloop
	endfacet
	facet normal 0.00000 -1.00000 0.00000
		outer loop
			vertex 15.00000 -15.00000 26.59090
			vertex 2.98369 -15.00000 27.73875
			vertex 6.21320 -15.00000 26.59090
		endloop
	endfacet
	facet normal 0.00000 -1.00000 0.00000
		outer loop
			vertex -2.98369 -15.00000 27.73875
			vertex 0.00000 -15.00000 28.09682
			vertex -15.00000 -15.00000 28.09682
		endloop
	endfacet
	facet normal 0.00000 -1.00000 0.00000
		outer loop
			vertex -2.98369 -15.00000 27.73875
			vertex -15.00000 -15.00000 28.09682
			vertex -15.00000 -15.00000 27.73875
		endloop
	endfacet
	facet normal 0.00000 -1.00000 0.00000
		outer loop
			vertex 15.00000 -15.00000 27.73875
			vertex 15.00000 -15.00000 28.09682
			vertex 0.00000 -15.00000 28.09682
		endloop
	endfacet
	facet normal 0.00000 -1.00000 0.00000
		outer loop
			vertex 15.00000 -15.00000 27.73875
			vertex 0.00000 -15.00000 28.09682
			vertex 2.98369 -15.00000 27.73875
		endloop
	endfacet
	facet normal 0.00000 -1.00000 0.00000
		outer loop
			vertex 15.00000 -15.00000 28.09682
			vertex 15.00000 -15.00000 30.00000
			vertex -15.00000 -15.00000 30.00000
		endloop
	endfacet
	facet normal 0.00000 -1.00000 0.00000
		outer loop
			vertex 15.00000 -15.00000 28.09682
			vertex -15.00000 -15.00000 30.00000
			vertex -15.00000 -15.00000 28.09682
		endloop
	endfacet
	facet normal 0.00000 1.00000 0.00000
		outer loop
			vertex 15.00000 15.00000 30.00000
			vertex 15.00000 15.00000 28.09682
			vertex -15.00000 15.00000 28.09682
		endloop
	endfacet
	facet normal 0.00000 1.00000 0.00000
		outer loop
			vertex 15.00000 15.00000 30.00000
			vertex -15.00000 15.00000 28.09682
			vertex -15.00000 15.00000 30.00000
		endloop
	endfacet
	facet normal 0.00000 1.00000 0.00000
		outer loop
			vertex -0.00000 15.00000 28.09682
			vertex -2.98369 15.00000 27.73875
			vertex -15.00000 15.00000 27.73875
		endloop
	endfacet
	facet normal 0.00000 1.00000 0.00000
		outer loop
			vertex -0.00000 15.00000 28.09682
			vertex -15.00000 15.00000 27.73875
			vertex -15.00000 15.00000 28.09682
		endloop
	endfacet
	facet normal 0.00000 1.00000 0.00000
		outer loop
			vertex 15.00000 15.00000 28.09682
			vertex 15.00000 15.00000 27.73875
			vertex 2.98369 15.00000 27.73875
		endloop
	endfacet
	facet normal 0.00000 1.00000 0.00000
		outer loop
			vertex 15.00000 15.00000 28.09682
			vertex 2.98369 15.00000 27.73875
			vertex -0.00000 15.00000 28.09682
		endloop
	endfacet
	facet normal 0.00000 1.00000 0.00000
		outer loop
			vertex -2.98369 15.00000 27.73875
			vertex -6.21320 15.00000 26.59090
			vertex -15.00000 15.00000 26.59090
		endloop
	endfacet
	facet normal 0.00000 1.00000 0.00000
		outer loop
			vertex -2.98369 15.00000 27.73875
			vertex -15.00000 15.00000 26.59090
			vertex -15.00000 15.00000 27.73875
		endloop
	endfacet
	facet normal 0.00000 1.00000 0.00000
		outer loop
			vertex 15.00000 15.00000 27.73875
			vertex 15.00000 15.00000 26.59090
			vertex 6.21320 15.00000 26.59090
		endloop
	endfacet
	facet normal 0.00000 1.00000 0.00000
		outer loop
			vertex 15.00000 15.00000 27.73875
			vertex 6.21320 15.00000 26.59090
			vertex 2.98369 15.00000 27.73875
		endloop
	endfacet
	facet normal 0.00000 1.00000 0.00000
		outer loop
			vertex -6.21320 15.00000 26.59090
			vertex -7.04396 15.00000 26.11140
			vertex -15.00000 15.00000 26.11140
		endloop
	endfacet
	facet normal 0.00000 1.00000 0.00000
		outer loop
			vertex -6.21320 15.00000 26.59090
			vertex -15.00000 15.00000 26.11140
			vertex -15.00000 15.00000 26.59090
		endloop
	endfacet
	facet normal 0.00000 1.00000 0.00000
		outer loop
			vertex 15.00000 15.00000 26.59090
			vertex 15.00000 15.00000 26.11140
			vertex 7.04396 15.00000 26.11140
		endloop
	endfacet
	facet normal 0.00000 1.00000 0.00000
		outer loop
			vertex 15.00000 15.00000 26.59090
			vertex 7.04396 15.00000 26.11140
			vertex 6.21320 15.00000 26.59090
		endloop
	endfacet
	facet normal 0.00000 1.00000 0.00000
		outer loop
			vertex -7.04396 15.00000 26.11140
			vertex -10.02268 15.00000 23.47169
			vertex -15.00000 15.00000 23.47169
		endloop
	endfacet
	facet normal 0.00000 1.00000 0.00000
		outer loop
			vertex -7.04396 15.00000 26.11140
			vertex -15.00000 15.00000 23.47169
			vertex -15.00000 15.00000 26.11140
		endloop
	endfacet
	facet normal 0.00000 1.00000 0.00000
		outer loop
			vertex 15.00000 15.00000 26.11140
			vertex 15.00000 15.00000 23.47169
			vertex 10.02268 15.00000 23.47169
		endloop
	endfacet
	facet normal 0.00000 1.00000 0.00000
		outer loop
			vertex 15.00000 15.00000 26.11140
			vertex 10.02268 15.00000 23.47169
			vertex 7.04396 15.00000 26.11140
		endloop
	endfacet
	facet normal 0.00000 1.00000 0.00000
		outer loop
			vertex -10.02268 15.00000 23.47169
			vertex -10.70859 15.00000 22.65367
			vertex -15.00000 15.00000 22.65367
		endloop
	endfacet
	facet normal 0.00000 1.00000 0.00000
		outer loop
			vertex -10.02268 15.00000 23.47169
			vertex -15.00000 15.00000 22.65367
			vertex -15.00000 15.00000 23.47169
		endloop
	endfacet
	facet normal 0.00000 1.00000 0.00000
		outer loop
			vertex 15.00000 15.00000 23.47169
			vertex 15.00000 15.00000 22.65367
			vertex 10.70859 15.00000 22.65367
		endloop
	endfacet
	facet normal 0.00000 1.00000 0.00000
		outer loop
			vertex 15.00000 15.00000 23.47169
			vertex 10.70859 15.00000 22.65367
			vertex 10.02268 15.00000 23.47169
		endloop
	endfacet
	facet normal 0.00000 1.00000 0.00000
		outer loop
			vertex -10.70859 15.00000 22.65367
			vertex -12.49397 15.00000 18.90181
			vertex -15.00000 15.00000 18.90181
		endloop
	endfacet
	facet normal 0.00000 1.00000 0.00000
		outer loop
			vertex -10.70859 15.00000 22.65367
			vertex -15.00000 15.00000 18.90181
			vertex -15.00000 15.00000 22.65367
		endloop
	endfacet
	facet normal 0.00000 1.00000 0.00000
		outer loop
			vertex 15.00000 15.00000 22.65367
			vertex 15.00000 15.00000 18.90181
			vertex 12.49397 15.00000 18.90181
		endloop
	endfacet
	facet normal 0.00000 1.00000 0.00000
		outer loop
			vertex 15.00000 15.00000 22.65367
			vertex 12.49397 15.00000 18.90181
			vertex 10.70859 15.00000 22.65367
		endloop
	endfacet
	facet normal 0.00000 1.00000 0.00000
		outer loop
			vertex -12.49397 15.00000 18.90181
			vertex -13.09682 15.00000 15.00000
			vertex -15.00000 15.00000 15.00000
		endloop
	endfacet
	facet normal 0.00000 1.00000 0.00000
		outer loop
			vertex -12.49397 15.00000 18.90181
			vertex -15.00000 15.00000 15.00000
			vertex -15.00000 15.00000 18.90181
		endloop
	endfacet
	facet normal 0.00000 1.00000 0.00000
		outer loop
			vertex 15.00000 15.00000 18.90181
			vertex 15.00000 15.00000 15.00000
			vertex 13.09682 15.00000 15.00000
		endloop
	endfacet
	facet normal 0.00000 1.00000 0.00000
		outer loop
			vertex 15.00000 15.00000 18.90181
			vertex 13.09682 15.00000 15.00000
			vertex 12.49397 15.00000 18.90181
		endloop
	endfacet
	facet normal 0.00000 1.00000 0.00000
		outer loop
			vertex -13.09682 15.00000 15.00000
			vertex -12.49397 15.00000 11.09819
			vertex -15.00000 15.00000 11.09819
		endloop
	endfacet
	facet normal 0.00000 1.00000 0.00000
		outer loop
			vertex -13.09682 15.00000 15.00000
			vertex -15.00000 15.00000 11.09819
			vertex -15.00000 15.00000 15.00000
		endloop
	endfacet
	facet normal 0.00000 1.00000 0.00000
		outer loop
			vertex 15.00000 15.00000 15.00000
			vertex 15.00000 15.00000 11.09819
			vertex 12.49397 15.00000 11.09819
		endloop
	endfacet
	facet normal 0.00000 1.00000 0.00000
		outer loop
			vertex 15.00000 15.00000 15.00000
			vertex 12.49397 15.00000 11.09819
			vertex 13.09682 15.00000 15.00000
		endloop
	endfacet
	facet normal 0.00000 1.00000 0.00000
		outer loop
			vertex -12.49397 15.00000 11.09819
			vertex -10.70859 15.00000 7.34633
			vertex -15.00000 15.00000 7.34633
		endloop
	endfacet
	facet normal 0.00000 1.00000 0.00000
		outer loop
			vertex -12.49397 15.00000 11.09819
			vertex -15.00000 15.00000 7.34633
			vertex -15.00000 15.00000 11.09819
		endloop
	endfacet
	facet normal 0.00000 1.00000 0.00000
		outer loop
			vertex 15.00000 15.00000 11.09819
			vertex 15.00000 15.00000 7.34633
			vertex 10.70859 15.00000 7.34633
		endloop
	endfacet
	facet normal 0.00000 1.00000 0.00000
		outer loop
			vertex 15.00000 15.00000 11.09819
			vertex 10.70859 15.00000 7.34633
			vertex 12.49397 15.00000 11.09819
		endloop
	endfacet
	facet normal 0.00000 1.00000 0.00000
		outer loop
			vertex -10.70859 15.00000 7.34633
			vertex -10.02268 15.00000 6.52831
			vertex -15.00000 15.00000 6.52831
		endloop
	endfacet
	facet normal 0.00000 1.00000 0.00000
		outer loop
			vertex -10.70859 15.00000 7.34633
			vertex -15.00000 15.00000 6.52831
			vertex -15.00000 15.00000 7.34633
		endloop
	endfacet
	facet normal 0.00000 1.00000 0.00000
		outer loop
			vertex 15.00000 15.00000 7.34633
			vertex 15.00000 15.00000 6.52831
			vertex 10.02268 15.00000 6.52831
		endloop
	endfacet
	facet normal 0.00000 1.00000 0.00000
		outer loop
			vertex 15.00000 15.00000 7.34633
			vertex 10.02268 15.00000 6.52831
			vertex 10.70859 15.00000 7.34633
		endloop
	endfacet
	facet normal 0.00000 1.00000 0.00000
		outer loop
			vertex -10.02268 15.00000 6.52831
			vertex -7.04396 15.00000 3.88860
			vertex -15.00000 15.00000 3.88860
		endloop
	endfacet
	facet normal 0.00000 1.00000 0.00000
		outer loop
			vertex -10.02268 15.00000 6.52831
			vertex -15.00000 15.00000 3.88860
			vertex -15.00000 15.00000 6.52831
		endloop
	endfacet
	facet normal 0.00000 1.00000 0.00000
		outer loop
			vertex 15.00000 15.00000 6.52831
			vertex 15.00000 15.00000 3.88860
			vertex 7.04396 15.00000 3.88860
		endloop
	endfacet
	facet normal 0.00000 1.00000 0.00000
		outer loop
			vertex 15.00000 15.00000 6.52831
			vertex 7.04396 15.00000 3.88860
			vertex 10.02268 15.00000 6.52831
		endloop
	endfacet
	facet normal 0.00000 1.00000 0.00000
		outer loop
			vertex -7.04396 15.00000 3.88860
			vertex -6.21320 15.00000 3.40910
			vertex -15.00000 15.00000 3.40910
		endloop
	endfacet
	facet normal 0.00000 1.00000 0.00000
		outer loop
			vertex -7.04396 15.00000 3.88860
			vertex -15.00000 15.00000 3.40910
			vertex -15.00000 15.00000 3.88860
		endloop
	endfacet
	facet normal 0.00000 1.00000 0.00000
		outer loop
			vertex 15.00000 15.00000 3.88860
			vertex 15.00000 15.00000 3.40910
			vertex 6.21320 15.00000 3.40910
		endloop
	endfacet
	facet normal 0.00000 1.00000 0.00000
		outer loop
			vertex 15.00000 15.00000 3.88860
			vertex 6.21320 15.00000 3.40910
			vertex 7.04396 15.00000 3.88860
		endloop
	endfacet
	facet normal 0.00000 1.00000 0.00000
		outer loop
			vertex -6.21320 15.00000 3.40910
			vertex -2.98369 15.00000 2.26125
			vertex -15.00000 15.00000 2.26125
		endloop
	endfacet
	facet normal 0.00000 1.00000 0.00000
		outer loop
			vertex -6.21320 15.00000 3.40910
			vertex -15.00000 15.00000 2.26125
			vertex -15.00000 15.00000 3.40910
		endloop
	endfacet
	facet normal 0.00000 1.00000 0.00000
		outer loop
			vertex 15.00000 15.00000 3.40910
			vertex 15.00000 15.00000 2.26125
			vertex 2.98369 15.00000 2.26125
		endloop
	endfacet
	facet normal 0.00000 1.00000 0.00000
		outer loop
			vertex 15.00000 15.00000 3.40910
			vertex 2.98369 15.00000 2.26125
			vertex 6.21320 15.00000 3.40910
		endloop
	endfacet
	facet normal 0.00000 1.00000 0.00000
		outer loop
			vertex -2.98369 15.00000 2.26125
			vertex -0.00000 15.00000 1.90318
			vertex -15.00000 15.00000 1.90318
		endloop
	endfacet
	facet normal 0.00000 1.00000 0.00000
		outer loop
			vertex -2.98369 15.00000 2.26125
			vertex -15.00000 15.00000 1.90318
			vertex -15.00000 15.00000 2.26125
		endloop
	endfacet
	facet normal 0.00000 1.00000 0.00000
		outer loop
			vertex 15.00000 15.00000 2.26125
			vertex 15.00000 15.00000 1.90318
			vertex -0.00000 15.00000 1.90318
		endloop
	endfacet
	facet normal 0.00000 1.00000 0.00000
		outer loop
			vertex 15.00000 15.00000 2.26125
			vertex -0.00000 15.00000 1.90318
			vertex 2.98369 15.00000 2.26125
		endloop
	endfacet
	facet normal 0.00000 1.00000 0.00000
		outer loop
			vertex 15.00000 15.00000 1.90318
			vertex 15.00000 15.00000 0.00000
			vertex -15.00000 15.00000 0.00000
		endloop
	endfacet
	facet normal 0.00000 1.00000 0.00000
		outer loop
			vertex 15.00000 15.00000 1.90318
			vertex -15.00000 15.00000 0.00000
			vertex -15.00000 15.00000 1.90318
		endloop
	endfacet
	facet normal 0.00000 0.00000 -1.00000
		outer loop
			vertex 15.00000 15.00000 0.00000
			vertex 15.00000 13.09682 0.00000
			vertex -15.00000 13.09682 0.00000
		endloop
	endfacet
	facet normal 0.00000 0.00000 -1.00000
		outer loop
			vertex 15.00000 15.00000 0.00000
			vertex -15.00000 13.09682 0.00000
			vertex -15.00000 15.00000 0.00000
		endloop
	endfacet
	facet normal 0.00000 0.00000 -1.00000
		outer loop
			vertex 0.00000 13.09682 0.00000
			vertex -2.55506 12.84517 0.00000
			vertex -15.00000 12.84517 0.00000
		endloop
	endfacet
	facet normal 0.00000 0.00000 -1.00000
		outer loop
			vertex 0.00000 13.09682 0.00000
			vertex -15.00000 12.84517 0.00000
			vertex -15.00000 13.09682 0.00000
		endloop
	endfacet
	facet normal 0.00000 0.00000 -1.00000
		outer loop
			vertex 15.00000 13.09682 0.00000
			vertex 15.00000 12.84517 0.00000
			vertex 2.55506 12.84517 0.00000
		endloop
	endfacet
	facet normal 0.00000 0.00000 -1.00000
		outer loop
			vertex 15.00000 13.09682 0.00000
			vertex 2.55506 12.84517 0.00000
			vertex 0.00000 13.09682 0.00000
		endloop
	endfacet
	facet normal 0.00000 0.00000 -1.00000
		outer loop
			vertex -2.55506 12.84517 0.00000
			vertex -5.01194 12.09989 0.00000
			vertex -15.00000 12.09989 0.00000
		endloop
	endfacet
	facet normal 0.00000 0.00000 -1.00000
		outer loop
			vertex -2.55506 12.84517 0.00000
			vertex -15.00000 12.09989 0.00000
			vertex -15.00000 12.84517 0.00000
		endloop
	endfacet
	facet normal 0.00000 0.00000 -1.00000
		outer loop
			vertex 15.00000 12.84517 0.00000
			vertex 15.00000 12.09989 0.00000
			vertex 5.01194 12.09989 0.00000
		endloop
	endfacet
	facet normal 0.00000 0.00000 -1.00000
		outer loop
			vertex 15.00000 12.84517 0.00000
			vertex 5.01194 12.09989 0.00000
			vertex 2.55506 12.84517 0.00000
		endloop
	endfacet
	facet normal 0.00000 0.00000 -1.00000
		outer loop
			vertex -5.01194 12.09989 0.00000
			vertex -7.27621 10.88961 0.00000
			vertex -15.00000 10.88961 0.00000
		endloop
	endfacet
	facet normal 0.00000 0.00000 -1.00000
		outer loop
			vertex -5.01194 12.09989 0.00000
			vertex -15.00000 10.88961 0.00000
			vertex -15.00000 12.09989 0.00000
		endloop
	endfacet
	facet normal 0.00000 0.00000 -1.00000
		outer loop
			vertex 15.00000 12.09989 0.00000
			vertex 15.00000 10.88961 0.00000
			vertex 7.27621 10.88961 0.00000
		endloop
	endfacet
	facet normal 0.00000 0.00000 -1.00000
		outer loop
			vertex 15.00000 12.09989 0.00000
			vertex 7.27621 10.88961 0.00000
			vertex 5.01194 12.09989 0.00000
		endloop
	endfacet
	facet normal 0.00000 0.00000 -1.00000
		outer loop
			vertex -7.27621 10.88961 0.00000
			vertex -9.26085 9.26085 0.00000
			vertex -15.00000 9.26085 0.00000
		endloop
	endfacet
	facet normal 0.00000 0.00000 -1.00000
		outer loop
			vertex -7.27621 10.88961 0.00000
			vertex -15.00000 9.26085 0.00000
			vertex -15.00000 10.88961 0.00000
		endloop
	endfacet
	facet normal 0.00000 0.00000 -1.00000
		outer loop
			vertex 15.00000 10.88961 0.00000
			vertex 15.00000 9.26085 0.00000
			vertex 9.26085 9.26085 0.00000
		endloop
	endfacet
	facet normal 0.00000 0.00000 -1.00000
		outer loop
			vertex 15.00000 10.88961 0.00000
			vertex 9.26085 9.26085 0.00000
			vertex 7.27621 10.88961 0.00000
		endloop
	endfacet
	facet normal 0.00000 0.00000 -1.00000
		outer loop
			vertex -9.26085 9.26085 0.00000
			vertex -10.88961 7.27621 0.00000
			vertex -15.00000 7.27621 0.00000
		endloop
	endfacet
	facet normal 0.00000 0.00000 -1.00000
		outer loop
			vertex -9.26085 9.26085 0.00000
			vertex -15.00000 7.27621 0.00000
			vertex -15.00000 9.26085 0.00000
		endloop
	endfacet
	facet normal 0.00000 0.00000 -1.00000
		outer loop
			vertex 15.00000 9.26085 0.00000
			vertex 15.00000 7.27621 0.00000
			vertex 10.88961 7.27621 0.00000
		endloop
	endfacet
	facet normal 0.00000 0.00000 -1.00000
		outer loop
			vertex 15.00000 9.26085 0.00000
			vertex 10.88961 7.27621 0.00000
			vertex 9.26085 9.26085 0.00000
		endloop
	endfacet
	facet normal 0.00000 0.00000 -1.00000
		outer loop
			vertex -10.88961 7.27621 0.00000
			vertex -12.09989 5.01194 0.00000
			vertex -15.00000 5.01194 0.00000
		endloop
	endfacet
	facet normal 0.00000 0.00000 -1.00000
		outer loop
			vertex -10.88961 7.27621 0.00000
			vertex -15.00000 5.01194 0.00000
			vertex -15.00000 7.27621 0.00000
		endloop
	endfacet
	facet normal 0.00000 0.00000 -1.00000
		outer loop
			vertex 15.00000 7.27621 0.00000
			vertex 15.00000 5.01194 0.00000
			vertex 12.09989 5.01194 0.00000
		endloop
	endfacet
	facet normal 0.00000 0.00000 -1.00000
		outer loop
			vertex 15.00000 7.27621 0.00000
			vertex 12.09989 5.01194 0.00000
			vertex 10.88961 7.27621 0.00000
		endloop
	endfacet
	facet normal 0.00000 0.00000 -1.00000
		outer loop
			vertex -12.09989 5.01194 0.00000
			vertex -12.84517 2.55506 0.00000
			vertex -15.00000 2.55506 0.00000
		endloop
	endfacet
	facet normal 0.00000 0.00000 -1.00000
		outer loop
			vertex -12.09989 5.01194 0.00000
			vertex -15.00000 2.55506 0.00000
			vertex -15.00000 5.01194 0.00000
		endloop
	endfacet
	facet normal 0.00000 0.00000 -1.00000
		outer loop
			vertex 15.00000 5.01194 0.00000
			vertex 15.00000 2.55506 0.00000
			vertex 12.84517 2.55506 0.00000
		endloop
	endfacet
	facet normal 0.00000 0.00000 -1.00000
		outer loop
			vertex 15.00000 5.01194 0.00000
			vertex 12.84517 2.55506 0.00000
			vertex 12.09989 5.01194 0.00000
		endloop
	endfacet
	facet normal 0.00000 0.00000 -1.00000
		outer loop
			vertex -12.84517 2.55506 0.00000
			vertex -13.09682 0.00000 0.00000
			vertex -15.00000 0.00000 0.00000
		endloop
	endfacet
	facet normal 0.00000 0.00000 -1.00000
		outer loop
			vertex -12.84517 2.55506 0.00000
			vertex -15.00000 0.00000 0.00000
			vertex -15.00000 2.55506 0.00000
		endloop
	endfacet
	facet normal 0.00000 0.00000 -1.00000
		outer loop
			vertex 15.00000 2.55506 0.00000
			vertex 15.00000 0.00000 0.00000
			vertex 13.09682 0.00000 0.00000
		endloop
	endfacet
	facet normal 0.00000 0.00000 -1.00000
		outer loop
			vertex 15.00000 2.55506 0.00000
			vertex 13.09682 0.00000 0.00000
			vertex 12.84517 2.55506 0.00000
		endloop
	endfacet
	facet normal 0.00000 0.00000 -1.00000
		outer loop
			vertex -13.09682 0.00000 0.00000
			vertex -12.84517 -2.55506 0.00000
			vertex -15.00000 -2.55506 0.00000
		endloop
	endfacet
	facet normal 0.00000 0.00000 -1.00000
		outer loop
			vertex -13.09682 0.00000 0.00000
			vertex -15.00000 -2.55506 0.00000
			vertex -15.00000 0.00000 0.00000
		endloop
	endfacet
	facet normal 0.00000 0.00000 -1.00000
		outer loop
			vertex 15.00000 0.00000 0.00000
			vertex 15.00000 -2.55506 0.00000
			vertex 12.84517 -2.55506 0.00000
		endloop
	endfacet
	facet normal 0.00000 0.00000 -1.00000
		outer loop
			vertex 15.00000 0.00000 0.00000
			vertex 12.84517 -2.55506 0.00000
			vertex 13.09682 0.00000 0.00000
		endloop
	endfacet
	facet normal 0.00000 0.00000 -1.00000
		outer loop
			vertex -12.84517 -2.55506 0.00000
			vertex -12.09989 -5.01194 0.00000
			vertex -15.00000 -5.01194 0.00000
		endloop
	endfacet
	facet normal 0.00000 0.00000 -1.00000
		outer loop
			vertex -12.84517 -2.55506 0.00000
			vertex -15.00000 -5.01194 0.00000
			vertex -15.00000 -2.55506 0.00000
		endloop
	endfacet
	facet normal 0.00000 0.00000 -1.00000
		outer loop
			vertex 15.00000 -2.55506 0.00000
			vertex 15.00000 -5.01194 0.00000
			vertex 12.09989 -5.01194 0.00000
		endloop
	endfacet
	facet normal 0.00000 0.00000 -1.00000
		outer loop
			vertex 15.00000 -2.55506 0.00000
			vertex 12.09989 -5.01194 0.00000
			vertex 12.84517 -2.55506 0.00000
		endloop
	endfacet
	facet normal 0.00000 0.00000 -1.00000
		outer loop
			vertex -12.09989 -5.01194 0.00000
			vertex -10.88961 -7.27621 0.00000
			vertex -15.00000 -7.27621 0.00000
		endloop
	endfacet
	facet normal 0.00000 0.00000 -1.00000
		outer loop
			vertex -12.09989 -5.01194 0.00000
			vertex -15.00000 -7.27621 0.00000
			vertex -15.00000 -5.01194 0.00000
		endloop
	endfacet
	facet normal 0.00000 0.00000 -1.00000
		outer loop
			vertex 15.00000 -5.01194 0.00000
			vertex 15.00000 -7.27621 0.00000
			vertex 10.88961 -7.27621 0.00000
		endloop
	endfacet
	facet normal 0.00000 0.00000 -1.00000
		outer loop
			vertex 15.00000 -5.01194 0.00000
			vertex 10.88961 -7.27621 0.00000
			vertex 12.09989 -5.01194 0.00000
		endloop
	endfacet
	facet normal 0.00000 0.00000 -1.00000
		outer loop
			vertex -10.88961 -7.27621 0.00000
			vertex -9.26085 -9.26085 0.00000
			vertex -15.00000 -9.26085 0.00000
		endloop
	endfacet
	facet normal 0.00000 0.00000 -1.00000
		outer loop
			vertex -10.88961 -7.27621 0.00000
			vertex -15.00000 -9.26085 0.00000
			vertex -15.00000 -7.27621 0.00000
		endloop
	endfacet
	facet normal 0.00000 0.00000 -1.00000
		outer loop
			vertex 15.00000 -7.27621 0.00000
			vertex 15.00000 -9.26085 0.00000
			vertex 9.26085 -9.26085 0.00000
		endloop
	endfacet
	facet normal 0.00000 0.00000 -1.00000
		outer loop
			vertex 15.00000 -7.27621 0.00000
			vertex 9.26085 -9.26085 0.00000
			vertex 10.88961 -7.27621 0.00000
		endloop
	endfacet
	facet normal 0.00000 0.00000 -1.00000
		outer loop
			vertex -9.26085 -9.26085 0.00000
			vertex -7.27621 -10.88961 0.00000
			vertex -15.00000 -10.88961 0.00000
		endloop
	endfacet
	facet normal 0.00000 0.00000 -1.00000
		outer loop
			vertex -9.26085 -9.26085 0.00000
			vertex -15.00000 -10.88961 0.00000
			vertex -15.00000 -9.26085 0.00000
		endloop
	endfacet
	facet normal 0.00000 0.00000 -1.00000
		outer loop
			vertex 15.00000 -9.26085 0.00000
			vertex 15.00000 -10.88961 0.00000
			vertex 7.27621 -10.88961 0.00000
		endloop
	endfacet
	facet normal 0.00000 0.00000 -1.00000
		outer loop
			vertex 15.00000 -9.26085 0.00000
			vertex 7.27621 -10.88961 0.00000
			vertex 9.26085 -9.26085 0.00000
		endloop
	endfacet
	facet normal 0.00000 0.00000 -1.00000
		outer loop
			vertex -7.27621 -10.88961 0.00000
			vertex -5.01194 -12.09989 0.00000
			vertex -15.00000 -12.09989 0.00000
		endloop
	endfacet
	facet normal 0.00000 0.00000 -1.00000
		outer loop
			vertex -7.27621 -10.88961 0.00000
			vertex -15.00000 -12.09989 0.00000
			vertex -15.00000 -10.88961 0.00000
		endloop
	endfacet
	facet normal 0.00000 0.00000 -1.00000
		outer loop
			vertex 15.00000 -10.88961 0.00000
			vertex 15.00000 -12.09989 0.00000
			vertex 5.01194 -12.09989 0.00000
		endloop
	endfacet
	facet normal 0.00000 0.00000 -1.00000
		outer loop
			vertex 15.00000 -10.88961 0.00000
			vertex 5.01194 -12.09989 0.00000
			vertex 7.27621 -10.88961 0.00000
		endloop
	endfacet
	facet normal 0.00000 0.00000 -1.00000
		outer loop
			vertex -5.01194 -12.09989 0.00000
			vertex -2.55506 -12.84517 0.00000
			vertex -15.00000 -12.84517 0.00000
		endloop
	endfacet
	facet normal 0.00000 0.00000 -1.00000
		outer loop
			vertex -5.01194 -12.09989 0.00000
			vertex -15.00000 -12.84517 0.00000
			vertex -15.00000 -12.09989 0.00000
		endloop
	endfacet
	facet normal 0.00000 0.00000 -1.00000
		outer loop
			vertex 15.00000 -12.09989 0.00000
			vertex 15.00000 -12.84517 0.00000
			vertex 2.55506 -12.84517 0.00000
		endloop
	endfacet
	facet normal 0.00000 0.00000 -1.00000
		outer loop
			vertex 15.00000 -12.09989 0.00000
			vertex 2.55506 -12.84517 0.00000
			vertex 5.01194 -12.09989 0.00000
		endloop
	endfacet
	facet normal 0.00000 0.00000 -1.00000
		outer loop
			vertex -2.55506 -12.84517 0.00000
			vertex -0.00000 -13.09682 0.00000
			vertex -15.00000 -13.09682 0.00000
		endloop
	endfacet
	facet normal 0.00000 0.00000 -1.00000
		outer loop
			vertex -2.55506 -12.84517 0.00000
			vertex -15.00000 -13.09682 0.00000
			vertex -15.00000 -12.84517 0.00000
		endloop
	endfacet
	facet normal 0.00000 0.00000 -1.00000
		outer loop
			vertex 15.00000 -12.84517 0.00000
			vertex 15.00000 -13.09682 0.00000
			vertex -0.00000 -13.09682 0.00000
		endloop
	endfacet
	facet normal 0.00000 0.00000 -1.00000
		outer loop
			vertex 15.00000 -12.84517 0.00000
			vertex -0.00000 -13.09682 0.00000
			vertex 2.55506 -12.84517 0.00000
		endloop
	endfacet
	facet normal 0.00000 0.00000 -1.00000
		outer loop
			vertex 15.00000 -13.09682 0.00000
			vertex 15.00000 -15.00000 0.00000
			vertex -15.00000 -15.00000 0.00000
		endloop
	endfacet
	facet normal 0.00000 0.00000 -1.00000
		outer loop
			vertex 15.00000 -13.09682 0.00000
			vertex -15.00000 -15.00000 0.00000
			vertex -15.00000 -13.09682 0.00000
		endloop
	endfacet
	facet normal 0.00000 0.00000 1.00000
		outer loop
			vertex 15.00000 -15.00000 30.00000
			vertex 15.00000 -13.09682 30.00000
			vertex -15.00000 -13.09682 30.00000
		endloop
	endfacet
	facet normal 0.00000 0.00000 1.00000
		outer loop
			vertex 15.00000 -15.00000 30.00000
			vertex -15.00000 -13.09682 30.00000
			vertex -15.00000 -15.00000 30.00000
		endloop
	endfacet
	facet normal 0.00000 0.00000 1.00000
		outer loop
			vertex -0.00000 -13.09682 30.00000
			vertex -2.55506 -12.84517 30.00000
			vertex -15.00000 -12.84517 30.00000
		endloop
	endfacet
	facet normal 0.00000 0.00000 1.00000
		outer loop
			vertex -0.00000 -13.09682 30.00000
			vertex -15.00000 -12.84517 30.00000
			vertex -15.00000 -13.09682 30.00000
		endloop
	endfacet
	facet normal 0.00000 0.00000 1.00000
		outer loop
			vertex 15.00000 -13.09682 30.00000
			vertex 15.00000 -12.84517 30.00000
			vertex 2.55506 -12.84517 30.00000
		endloop
	endfacet
	facet normal 0.00000 0.00000 1.00000
		outer loop
			vertex 15.00000 -13.09682 30.00000
			vertex 2.55506 -12.84517 30.00000
			vertex -0.00000 -13.09682 30.00000
		endloop
	endfacet
	facet normal 0.00000 0.00000 1.00000
		outer loop
			vertex -2.55506 -12.84517 30.00000
			vertex -5.01194 -12.09989 30.00000
			vertex -15.00000 -12.09989 30.00000
		endloop
	endfacet
	facet normal 0.00000 0.00000 1.00000
		outer loop
			vertex -2.55506 -12.84517 30.00000
			vertex -15.00000 -12.09989 30.00000
			vertex -15.00000 -12.84517 30.00000
		endloop
	endfacet
	facet normal 0.00000 0.00000 1.00000
		outer loop
			vertex 15.00000 -12.84517 30.00000
			vertex 15.00000 -12.09989 30.00000
			vertex 5.01194 -12.09989 30.00000
		endloop
	endfacet
	facet normal 0.00000 0.00000 1.00000
		outer loop
			vertex 15.00000 -12.84517 30.00000
			vertex 5.01194 -12.09989 30.00000
			vertex 2.55506 -12.84517 30.00000
		endloop
	endfacet
	facet normal 0.00000 0.00000 1.00000
		outer loop
			vertex -5.01194 -12.09989 30.00000
			vertex -7.27621 -10.88961 30.00000
			vertex -15.00000 -10.88961 30.00000
		endloop
	endfacet
	facet normal 0.00000 0.00000 1.00000
		outer loop
			vertex -5.01194 -12.09989 30.00000
			vertex -15.00000 -10.88961 30.00000
			vertex -15.00000 -12.09989 30.00000
		endloop
	endfacet
	facet normal 0.00000 0.00000 1.00000
		outer loop
			vertex 15.00000 -12.09989 30.00000
			vertex 15.00000 -10.88961 30.00000
			vertex 7.27621 -10.88961 30.00000
		endloop
	endfacet
	facet normal 0.00000 0.00000 1.00000
		outer loop
			vertex 15.00000 -12.09989 30.00000
			vertex 7.27621 -10.88961 30.00000
			vertex 5.01194 -12.09989 30.00000
		endloop
	endfacet
	facet normal 0.00000 0.00000 1.00000
		outer loop
			vertex -7.27621 -10.88961 30.00000
			vertex -9.26085 -9.26085 30.00000
			vertex -15.00000 -9.26085 30.00000
		endloop
	endfacet
	facet normal 0.00000 0.00000 1.00000
		outer loop
			vertex -7.27621 -10.88961 30.00000
			vertex -15.00000 -9.26085 30.00000
			vertex -15.00000 -10.88961 30.00000
		endloop
	endfacet
	facet normal 0.00000 0.00000 1.00000
		outer loop
			vertex 15.00000 -10.88961 30.00000
			vertex 15.00000 -9.26085 30.00000
			vertex 9.26085 -9.26085 30.00000
		endloop
	endfacet
	facet normal 0.00000 0.00000 1.00000
		outer loop
			vertex 15.00000 -10.88961 30.00000
			vertex 9.26085 -9.26085 30.00000
			vertex 7.27621 -10.88961 30.00000
		endloop
	endfacet
	facet normal 0.00000 0.00000 1.00000
		outer loop
			vertex -9.26085 -9.26085 30.00000
			vertex -10.88961 -7.27621 30.00000
			vertex -15.00000 -7.27621 30.00000
		endloop
	endfacet
	facet normal 0.00000 0.00000 1.00000
		outer loop
			vertex -9.26085 -9.26085 30.00000
			vertex -15.00000 -7.27621 30.00000
			vertex -15.00000 -9.26085 30.00000
		endloop
	endfacet
	facet normal 0.00000 0.00000 1.00000
		outer loop
			vertex 15.00000 -9.26085 30.00000
			vertex 15.00000 -7.27621 30.00000
			vertex 10.88961 -7.27621 30.00000
		endloop
	endfacet
	facet normal 0.00000 0.00000 1.00000
		outer loop
			vertex 15.00000 -9.26085 30.00000
			vertex 10.88961 -7.27621 30.00000
			vertex 9.26085 -9.26085 30.00000
		endloop
	endfacet
	facet normal 0.00000 0.00000 1.00000
		outer loop
			vertex -10.88961 -7.27621 30.00000
			vertex -12.09989 -5.01194 30.00000
			vertex -15.00000 -5.01194 30.00000
		endloop
	endfacet
	facet normal 0.00000 0.00000 1.00000
		outer loop
			vertex -10.88961 -7.27621 30.00000
			vertex -15.00000 -5.01194 30.00000
			vertex -15.00000 -7.27621 30.00000
		endloop
	endfacet
	facet normal 0.00000 0.00000 1.00000
		outer loop
			vertex 15.00000 -7.27621 30.00000
			vertex 15.00000 -5.01194 30.00000
			vertex 12.09989 -5.01194 30.00000
		endloop
	endfacet
	facet normal 0.00000 0.00000 1.00000
		outer loop
			vertex 15.00000 -7.27621 30.00000
			vertex 12.09989 -5.01194 30.00000
			vertex 10.88961 -7.27621 30.00000
		endloop
	endfacet
	facet normal 0.00000 0.00000 1.00000
		outer loop
			vertex -12.09989 -5.01194 30.00000
			vertex -12.84517 -2.55506 30.00000
			vertex -15.00000 -2.55506 30.00000
		endloop
	endfacet
	facet normal 0.00000 0.00000 1.00000
		outer loop
			vertex -12.09989 -5.01194 30.00000
			vertex -15.00000 -2.55506 30.00000
			vertex -15.00000 -5.01194 30.00000
		endloop
	endfacet
	facet normal 0.00000 0.00000 1.00000
		outer loop
			vertex 15.00000 -5.01194 30.00000
			vertex 15.00000 -2.55506 30.00000
			vertex 12.84517 -2.55506 30.00000
		endloop
	endfacet
	facet normal 0.00000 0.00000 1.00000
		outer loop
			vertex 15.00000 -5.01194 30.00000
			vertex 12.84517 -2.55506 30.00000
			vertex 12.09989 -5.01194 30.00000
		endloop
	endfacet
	facet normal 0.00000 0.00000 1.00000
		outer loop
			vertex -12.84517 -2.55506 30.00000
			vertex -13.09682 0.00000 30.00000
			vertex -15.00000 0.00000 30.00000
		endloop
	endfacet
	facet normal 0.00000 0.00000 1.00000
		outer loop
			vertex -12.84517 -2.55506 30.00000
			vertex -15.00000 0.00000 30.00000
			vertex -15.00000 -2.55506 30.00000
		endloop
	endfacet
	facet normal 0.00000 0.00000 1.00000
		outer loop
			vertex 15.00000 -2.55506 30.00000
			vertex 15.00000 0.00000 30.00000
			vertex 13.09682 0.00000 30.00000
		endloop
	endfacet
	facet normal 0.00000 0.00000 1.00000
		outer loop
			vertex 15.00000 -2.55506 30.00000
			vertex 13.09682 0.00000 30.00000
			vertex 12.84517 -2.55506 30.00000
		endloop
	endfacet
	facet normal 0.00000 0.00000 1.00000
		outer loop
			vertex -13.09682 0.00000 30.00000
			vertex -12.84517 2.55506 30.00000
			vertex -15.00000 2.55506 30.00000
		endloop
	endfacet
	facet normal 0.00000 0.00000 1.00000
		outer loop
			vertex -13.09682 0.00000 30.00000
			vertex -15.00000 2.55506 30.00000
			vertex -15.00000 0.00000 30.00000
		endloop
	endfacet
	facet normal 0.00000 0.00000 1.00000
		outer loop
			vertex 15.00000 0.00000 30.00000
			vertex 15.00000 2.55506 30.00000
			vertex 12.84517 2.55506 30.00000
		endloop
	endfacet
	facet normal 0.00000 0.00000 1.00000
		outer loop
			vertex 15.00000 0.00000 30.00000
			vertex 12.84517 2.55506 30.00000
			vertex 13.09682 0.00000 30.00000
		endloop
	endfacet
	facet normal 0.00000 0.00000 1.00000
		outer loop
			vertex -12.84517 2.55506 30.00000
			vertex -12.09989 5.01194 30.00000
			vertex -15.00000 5.01194 30.00000
		endloop
	endfacet
	facet normal 0.00000 0.00000 1.00000
		outer loop
			vertex -12.84517 2.55506 30.00000
			vertex -15.00000 5.01194 30.00000
			vertex -15.00000 2.55506 30.00000
		endloop
	endfacet
	facet normal 0.00000 0.00000 1.00000
		outer loop
			vertex 15.00000 2.55506 30.00000
			vertex 15.00000 5.01194 30.00000
			vertex 12.09989 5.01194 30.00000
		endloop
	endfacet
	facet normal 0.00000 0.00000 1.00000
		outer loop
			vertex 15.00000 2.55506 30.00000
			vertex 12.09989 5.01194 30.00000
			vertex 12.84517 2.55506 30.00000
		endloop
	endfacet
	facet normal 0.00000 0.00000 1.00000
		outer loop
			vertex -12.09989 5.01194 30.00000
			vertex -10.88961 7.27621 30.00000
			vertex -15.00000 7.27621 30.00000
		endloop
	endfacet
	facet normal 0.00000 0.00000 1.00000
		outer loop
			vertex -12.09989 5.01194 30.00000
			vertex -15.00000 7.27621 30.00000
			vertex -15.00000 5.01194 30.00000
		endloop
	endfacet
	facet normal 0.00000 0.00000 1.00000
		outer loop
			vertex 15.00000 5.01194 30.00000
			vertex 15.00000 7.27621 30.00000
			vertex 10.88961 7.27621 30.00000
		endloop
	endfacet
	facet normal 0.00000 0.00000 1.00000
		outer loop
			vertex 15.00000 5.01194 30.00000
			vertex 10.88961 7.27621 30.00000
			vertex 12.09989 5.01194 30.00000
		endloop
	endfacet
	facet normal 0.00000 0.00000 1.00000
		outer loop
			vertex -10.88961 7.27621 30.00000
			vertex -9.26085 9.26085 30.00000
			vertex -15.00000 9.26085 30.00000
		endloop
	endfacet
	facet normal 0.00000 0.00000 1.00000
		outer loop
			vertex -10.88961 7.27621 30.00000
			vertex -15.00000 9.26085 30.00000
			vertex -15.00000 7.27621 30.00000
		endloop
	endfacet
	facet normal 0.00000 0.00000 1.00000
		outer loop
			vertex 15.00000 7.27621 30.00000
			vertex 15.00000 9.26085 30.00000
			vertex 9.26085 9.26085 30.00000
		endloop
	endfacet
	facet normal 0.00000 0.00000 1.00000
		outer loop
			vertex 15.00000 7.27621 30.00000
			vertex 9.26085 9.26085 30.00000
			vertex 10.88961 7.27621 30.00000
		endloop
	endfacet
	facet normal 0.00000 0.00000 1.00000
		outer loop
			vertex -9.26085 9.26085 30.00000
			vertex -7.27621 10.88961 30.00000
			vertex -15.00000 10.88961 30.00000
		endloop
	endfacet
	facet normal 0.00000 0.00000 1.00000
		outer loop
			vertex -9.26085 9.26085 30.00000
			vertex -15.00000 10.88961 30.00000
			vertex -15.00000 9.26085 30.00000
		endloop
	endfacet
	facet normal 0.00000 0.00000 1.00000
		outer loop
			vertex 15.00000 9.26085 30.00000
			vertex 15.00000 10.88961 30.00000
			vertex 7.27621 10.88961 30.00000
		endloop
	endfacet
	facet normal 0.00000 0.00000 1.00000
		outer loop
			vertex 15.00000 9.26085 30.00000
			vertex 7.27621 10.88961 30.00000
			vertex 9.26085 9.26085 30.00000
		endloop
	endfacet
	facet normal 0.00000 0.00000 1.00000
		outer loop
			vertex -7.27621 10.88961 30.00000
			vertex -5.01194 12.09989 30.00000
			vertex -15.00000 12.09989 30.00000
		endloop
	endfacet
	facet normal 0.00000 0.00000 1.00000
		outer loop
			vertex -7.27621 10.88961 30.00000
			vertex -15.00000 12.09989 30.00000
			vertex -15.00000 10.88961 30.00000
		endloop
	endfacet
	facet normal 0.00000 0.00000 1.00000
		outer loop
			vertex 15.00000 10.88961 30.00000
			vertex 15.00000 12.09989 30.00000
			vertex 5.01194 12.09989 30.00000
		endloop
	endfacet
	facet normal 0.00000 0.00000 1.00000
		outer loop
			vertex 15.00000 10.88961 30.00000
			vertex 5.01194 12.09989 30.00000
			vertex 7.27621 10.88961 30.00000
		endloop
	endfacet
	facet normal 0.00000 0.00000 1.00000
		outer loop
			vertex -5.01194 12.09989 30.00000
			vertex -2.55506 12.84517 30.00000
			vertex -15.00000 12.84517 30.00000
		endloop
	endfacet
	facet normal 0.00000 0.00000 1.00000
		outer loop
			vertex -5.01194 12.09989 30.00000
			vertex -15.00000 12.84517 30.00000
			vertex -15.00000 12.09989 30.00000
		endloop
	endfacet
	facet normal 0.00000 0.00000 1.00000
		outer loop
			vertex 15.00000 12.09989 30.00000
			vertex 15.00000 12.84517 30.00000
			vertex 2.55506 12.84517 30.00000
		endloop
	endfacet
	facet normal 0.00000 0.00000 1.00000
		outer loop
			vertex 15.00000 12.09989 30.00000
			vertex 2.55506 12.84517 30.00000
			vertex 5.01194 12.09989 30.00000
		endloop
	endfacet
	facet normal 0.00000 0.00000 1.00000
		outer loop
			vertex -2.55506 12.84517 30.00000
			vertex 0.00000 13.09682 30.00000
			vertex -15.00000 13.09682 30.00000
		endloop
	endfacet
	facet normal 0.00000 0.00000 1.00000
		outer loop
			vertex -2.55506 12.84517 30.00000
			vertex -15.00000 13.09682 30.00000
			vertex -15.00000 12.84517 30.00000
		endloop
	endfacet
	facet normal 0.00000 0.00000 1.00000
		outer loop
			vertex 15.00000 12.84517 30.00000
			vertex 15.00000 13.09682 30.00000
			vertex 0.00000 13.09682 30.00000
		endloop
	endfacet
	facet normal 0.00000 0.00000 1.00000
		outer loop
			vertex 15.00000 12.84517 30.00000
			vertex 0.00000 13.09682 30.00000
			vertex 2.55506 12.84517 30.00000
		endloop
	endfacet
	facet normal 0.00000 0.00000 1.00000
		outer loop
			vertex 15.00000 13.09682 30.00000
			vertex 15.00000 15.00000 30.00000
			vertex -15.00000 15.00000 30.00000
		endloop
	endfacet
	facet normal 0.00000 0.00000 1.00000
		outer loop
			vertex 15.00000 13.09682 30.00000
			vertex -15.00000 15.00000 30.00000
			vertex -15.00000 13.09682 30.00000
		endloop
	endfacet
	facet normal -0.77078 0.07592 0.63256
		outer loop
			vertex 15.00000 -0.00000 1.90318
			vertex 14.14214 0.00000 0.85786
			vertex 13.87040 -2.75899 0.85786
		endloop
	endfacet
	facet normal -0.77078 0.07592 0.63256
		outer loop
			vertex 15.00000 -0.00000 1.90318
			vertex 13.87040 -2.75899 0.85786
			vertex 15.00000 -2.98369 2.26125
		endloop
	endfacet
	facet normal -0.77078 0.07592 -0.63256
		outer loop
			vertex 15.00000 0.00000 28.09682
			vertex 15.00000 -2.98369 27.73875
			vertex 13.87040 -2.75899 29.14214
		endloop
	endfacet
	facet normal -0.77078 0.07592 -0.63256
		outer loop
			vertex 15.00000 0.00000 28.09682
			vertex 13.87040 -2.75899 29.14214
			vertex 14.14214 0.00000 29.14214
		endloop
	endfacet
	facet normal -0.63316 0.06236 0.77151
		outer loop
			vertex 13.09682 0.00000 0.00000
			vertex 12.84517 -2.55506 0.00000
			vertex 13.87040 -2.75899 0.85786
		endloop
	endfacet
	facet normal -0.63316 0.06236 0.77151
		outer loop
			vertex 13.09682 0.00000 0.00000
			vertex 13.87040 -2.75899 0.85786
			vertex 14.14214 0.00000 0.85786
		endloop
	endfacet
	facet normal -0.63316 0.06236 -0.77151
		outer loop
			vertex 13.09682 0.00000 30.00000
			vertex 14.14214 0.00000 29.14214
			vertex 13.87040 -2.75899 29.14214
		endloop
	endfacet
	facet normal -0.63316 0.06236 -0.77151
		outer loop
			vertex 13.09682 0.00000 30.00000
			vertex 13.87040 -2.75899 29.14214
			vertex 12.84517 -2.55506 30.00000
		endloop
	endfacet
	facet normal -0.74116 0.22483 0.63256
		outer loop
			vertex 15.00000 -2.98369 2.26125
			vertex 13.87040 -2.75899 0.85786
			vertex 13.06563 -5.41196 0.85786
		endloop
	endfacet
	facet normal -0.74116 0.22483 0.63256
		outer loop
			vertex 15.00000 -2.98369 2.26125
			vertex 13.06563 -5.41196 0.85786
			vertex 15.00000 -6.21320 3.40910
		endloop
	endfacet
	facet normal -0.74116 0.22483 -0.63256
		outer loop
			vertex 15.00000 -2.98369 27.73875
			vertex 15.00000 -6.21320 26.59090
			vertex 13.06563 -5.41196 29.14214
		endloop
	endfacet
	facet normal -0.74116 0.22483 -0.63256
		outer loop
			vertex 15.00000 -2.98369 27.73875
			vertex 13.06563 -5.41196 29.14214
			vertex 13.87040 -2.75899 29.14214
		endloop
	endfacet
	facet normal -0.60883 0.18469 0.77151
		outer loop
			vertex 12.84517 -2.55506 0.00000
			vertex 12.09989 -5.01194 0.00000
			vertex 13.06563 -5.41196 0.85786
		endloop
	endfacet
	facet normal -0.60883 0.18469 0.77151
		outer loop
			vertex 12.84517 -2.55506 0.00000
			vertex 13.06563 -5.41196 0.85786
			vertex 13.87040 -2.75899 0.85786
		endloop
	endfacet
	facet normal -0.60883 0.18469 -0.77151
		outer loop
			vertex 12.84517 -2.55506 30.00000
			vertex 13.87040 -2.75899 29.14214
			vertex 13.06563 -5.41196 29.14214
		endloop
	endfacet
	facet normal -0.60883 0.18469 -0.77151
		outer loop
			vertex 12.84517 -2.55506 30.00000
			vertex 13.06563 -5.41196 29.14214
			vertex 12.09989 -5.01194 30.00000
		endloop
	endfacet
	facet normal -0.77862 0.41618 0.46963
		outer loop
			vertex 15.00000 -7.04396 3.88860
			vertex 13.82683 -9.23880 3.88860
			vertex 15.00000 -10.02268 6.52831
		endloop
	endfacet
	facet normal -0.77862 0.41618 -0.46963
		outer loop
			vertex 15.00000 -10.02268 23.47169
			vertex 13.82683 -9.23880 26.11140
			vertex 15.00000 -7.04396 26.11140
		endloop
	endfacet
	facet normal -0.68306 0.36510 0.63256
		outer loop
			vertex 15.00000 -6.21320 3.40910
			vertex 13.06563 -5.41196 0.85786
			vertex 11.75876 -7.85695 0.85786
		endloop
	endfacet
	facet normal -0.68306 0.36510 0.63256
		outer loop
			vertex 15.00000 -6.21320 3.40910
			vertex 11.75876 -7.85695 0.85786
			vertex 13.82683 -9.23880 3.88860
		endloop
	endfacet
	facet normal -0.68306 0.36510 0.63256
		outer loop
			vertex 15.00000 -6.21320 3.40910
			vertex 13.82683 -9.23880 3.88860
			vertex 15.00000 -7.04396 3.88860
		endloop
	endfacet
	facet normal -0.68306 0.36510 -0.63256
		outer loop
			vertex 15.00000 -6.21320 26.59090
			vertex 15.00000 -7.04396 26.11140
			vertex 13.82683 -9.23880 26.11140
		endloop
	endfacet
	facet normal -0.68306 0.36510 -0.63256
		outer loop
			vertex 15.00000 -6.21320 26.59090
			vertex 13.82683 -9.23880 26.11140
			vertex 11.75876 -7.85695 29.14214
		endloop
	endfacet
	facet normal -0.68306 0.36510 -0.63256
		outer loop
			vertex 15.00000 -6.21320 26.59090
			vertex 11.75876 -7.85695 29.14214
			vertex 13.06563 -5.41196 29.14214
		endloop
	endfacet
	facet normal -0.56110 0.29991 0.77151
		outer loop
			vertex 12.09989 -5.01194 0.00000
			vertex 10.88961 -7.27621 0.00000
			vertex 11.75876 -7.85695 0.85786
		endloop
	endfacet
	facet normal -0.56110 0.29991 0.77151
		outer loop
			vertex 12.09989 -5.01194 0.00000
			vertex 11.75876 -7.85695 0.85786
			vertex 13.06563 -5.41196 0.85786
		endloop
	endfacet
	facet normal -0.56110 0.29991 -0.77151
		outer loop
			vertex 12.09989 -5.01194 30.00000
			vertex 13.06563 -5.41196 29.14214
			vertex 11.75876 -7.85695 29.14214
		endloop
	endfacet
	facet normal -0.56110 0.29991 -0.77151
		outer loop
			vertex 12.09989 -5.01194 30.00000
			vertex 11.75876 -7.85695 29.14214
			vertex 10.88961 -7.27621 30.00000
		endloop
	endfacet
	facet normal -0.76932 0.63137 0.09755
		outer loop
			vertex 15.00000 -12.49397 11.09819
			vertex 13.87040 -13.87040 11.09819
			vertex 14.14214 -14.14214 15.00000
		endloop
	endfacet
	facet normal -0.76932 0.63137 0.09755
		outer loop
			vertex 15.00000 -12.49397 11.09819
			vertex 14.14214 -14.14214 15.00000
			vertex 15.00000 -13.09682 15.00000
		endloop
	endfacet
	facet normal -0.76932 0.63137 -0.09755
		outer loop
			vertex 15.00000 -13.09682 15.00000
			vertex 14.14214 -14.14214 15.00000
			vertex 13.87040 -13.87040 18.90181
		endloop
	endfacet
	facet normal -0.76932 0.63137 -0.09755
		outer loop
			vertex 15.00000 -13.09682 15.00000
			vertex 13.87040 -13.87040 18.90181
			vertex 15.00000 -12.49397 18.90181
		endloop
	endfacet
	facet normal -0.74002 0.60732 0.28900
		outer loop
			vertex 15.00000 -10.70859 7.34633
			vertex 13.06563 -13.06563 7.34633
			vertex 13.87040 -13.87040 11.09819
		endloop
	endfacet
	facet normal -0.74002 0.60732 0.28900
		outer loop
			vertex 15.00000 -10.70859 7.34633
			vertex 13.87040 -13.87040 11.09819
			vertex 15.00000 -12.49397 11.09819
		endloop
	endfacet
	facet normal -0.74002 0.60732 -0.28900
		outer loop
			vertex 15.00000 -12.49397 18.90181
			vertex 13.87040 -13.87040 18.90181
			vertex 13.06563 -13.06563 22.65367
		endloop
	endfacet
	facet normal -0.74002 0.60732 -0.28900
		outer loop
			vertex 15.00000 -12.49397 18.90181
			vertex 13.06563 -13.06563 22.65367
			vertex 15.00000 -10.70859 22.65367
		endloop
	endfacet
	facet normal -0.68246 0.56008 0.46963
		outer loop
			vertex 15.00000 -10.02268 6.52831
			vertex 13.82683 -9.23880 3.88860
			vertex 11.75876 -11.75876 3.88860
		endloop
	endfacet
	facet normal -0.68246 0.56008 0.46963
		outer loop
			vertex 15.00000 -10.02268 6.52831
			vertex 11.75876 -11.75876 3.88860
			vertex 13.06563 -13.06563 7.34633
		endloop
	endfacet
	facet normal -0.68246 0.56008 0.46963
		outer loop
			vertex 15.00000 -10.02268 6.52831
			vertex 13.06563 -13.06563 7.34633
			vertex 15.00000 -10.70859 7.34633
		endloop
	endfacet
	facet normal -0.68246 0.56008 -0.46963
		outer loop
			vertex 15.00000 -10.02268 23.47169
			vertex 15.00000 -10.70859 22.65367
			vertex 13.06563 -13.06563 22.65367
		endloop
	endfacet
	facet normal -0.68246 0.56008 -0.46963
		outer loop
			vertex 15.00000 -10.02268 23.47169
			vertex 13.06563 -13.06563 22.65367
			vertex 11.75876 -11.75876 26.11140
		endloop
	endfacet
	facet normal -0.68246 0.56008 -0.46963
		outer loop
			vertex 15.00000 -10.02268 23.47169
			vertex 11.75876 -11.75876 26.11140
			vertex 13.82683 -9.23880 26.11140
		endloop
	endfacet
	facet normal -0.59870 0.49134 0.63256
		outer loop
			vertex 11.75876 -7.85695 0.85786
			vertex 10.00000 -10.00000 0.85786
			vertex 11.75876 -11.75876 3.88860
		endloop
	endfacet
	facet normal -0.59870 0.49134 0.63256
		outer loop
			vertex 11.75876 -7.85695 0.85786
			vertex 11.75876 -11.75876 3.88860
			vertex 13.82683 -9.23880 3.88860
		endloop
	endfacet
	facet normal -0.59870 0.49134 -0.63256
		outer loop
			vertex 13.82683 -9.23880 26.11140
			vertex 11.75876 -11.75876 26.11140
			vertex 10.00000 -10.00000 29.14214
		endloop
	endfacet
	facet normal -0.59870 0.49134 -0.63256
		outer loop
			vertex 13.82683 -9.23880 26.11140
			vertex 10.00000 -10.00000 29.14214
			vertex 11.75876 -7.85695 29.14214
		endloop
	endfacet
	facet normal -0.49181 0.40362 0.77151
		outer loop
			vertex 10.88961 -7.27621 0.00000
			vertex 9.26085 -9.26085 0.00000
			vertex 10.00000 -10.00000 0.85786
		endloop
	endfacet
	facet normal -0.49181 0.40362 0.77151
		outer loop
			vertex 10.88961 -7.27621 0.00000
			vertex 10.00000 -10.00000 0.85786
			vertex 11.75876 -7.85695 0.85786
		endloop
	endfacet
	facet normal -0.49181 0.40362 -0.77151
		outer loop
			vertex 10.88961 -7.27621 30.00000
			vertex 11.75876 -7.85695 29.14214
			vertex 10.00000 -10.00000 29.14214
		endloop
	endfacet
	facet normal -0.49181 0.40362 -0.77151
		outer loop
			vertex 10.88961 -7.27621 30.00000
			vertex 10.00000 -10.00000 29.14214
			vertex 9.26085 -9.26085 30.00000
		endloop
	endfacet
	facet normal -0.63137 0.76932 0.09755
		outer loop
			vertex 13.87040 -13.87040 11.09819
			vertex 12.49397 -15.00000 11.09819
			vertex 13.09682 -15.00000 15.00000
		endloop
	endfacet
	facet normal -0.63137 0.76932 0.09755
		outer loop
			vertex 13.87040 -13.87040 11.09819
			vertex 13.09682 -15.00000 15.00000
			vertex 14.14214 -14.14214 15.00000
		endloop
	endfacet
	facet normal -0.63137 0.76932 -0.09755
		outer loop
			vertex 14.14214 -14.14214 15.00000
			vertex 13.09682 -15.00000 15.00000
			vertex 12.49397 -15.00000 18.90181
		endloop
	endfacet
	facet normal -0.63137 0.76932 -0.09755
		outer loop
			vertex 14.14214 -14.14214 15.00000
			vertex 12.49397 -15.00000 18.90181
			vertex 13.87040 -13.87040 18.90181
		endloop
	endfacet
	facet normal -0.60732 0.74002 0.28900
		outer loop
			vertex 13.06563 -13.06563 7.34633
			vertex 10.70859 -15.00000 7.34633
			vertex 12.49397 -15.00000 11.09819
		endloop
	endfacet
	facet normal -0.60732 0.74002 0.28900
		outer loop
			vertex 13.06563 -13.06563 7.34633
			vertex 12.49397 -15.00000 11.09819
			vertex 13.87040 -13.87040 11.09819
		endloop
	endfacet
	facet normal -0.60732 0.74002 -0.28900
		outer loop
			vertex 13.87040 -13.87040 18.90181
			vertex 12.49397 -15.00000 18.90181
			vertex 10.70859 -15.00000 22.65367
		endloop
	endfacet
	facet normal -0.60732 0.74002 -0.28900
		outer loop
			vertex 13.87040 -13.87040 18.90181
			vertex 10.70859 -15.00000 22.65367
			vertex 13.06563 -13.06563 22.65367
		endloop
	endfacet
	facet normal -0.56008 0.68246 0.46963
		outer loop
			vertex 11.75876 -11.75876 3.88860
			vertex 9.23880 -13.82683 3.88860
			vertex 10.02268 -15.00000 6.52831
		endloop
	endfacet
	facet normal -0.56008 0.68246 0.46963
		outer loop
			vertex 11.75876 -11.75876 3.88860
			vertex 10.02268 -15.00000 6.52831
			vertex 10.70859 -15.00000 7.34633
		endloop
	endfacet
	facet normal -0.56008 0.68246 0.46963
		outer loop
			vertex 11.75876 -11.75876 3.88860
			vertex 10.70859 -15.00000 7.34633
			vertex 13.06563 -13.06563 7.34633
		endloop
	endfacet
	facet normal -0.56008 0.68246 -0.46963
		outer loop
			vertex 13.06563 -13.06563 22.65367
			vertex 10.70859 -15.00000 22.65367
			vertex 10.02268 -15.00000 23.47169
		endloop
	endfacet
	facet normal -0.56008 0.68246 -0.46963
		outer loop
			vertex 13.06563 -13.06563 22.65367
			vertex 10.02268 -15.00000 23.47169
			vertex 9.23880 -13.82683 26.11140
		endloop
	endfacet
	facet normal -0.56008 0.68246 -0.46963
		outer loop
			vertex 13.06563 -13.06563 22.65367
			vertex 9.23880 -13.82683 26.11140
			vertex 11.75876 -11.75876 26.11140
		endloop
	endfacet
	facet normal -0.49134 0.59870 0.63256
		outer loop
			vertex 10.00000 -10.00000 0.85786
			vertex 7.85695 -11.75876 0.85786
			vertex 9.23880 -13.82683 3.88860
		endloop
	endfacet
	facet normal -0.49134 0.59870 0.63256
		outer loop
			vertex 10.00000 -10.00000 0.85786
			vertex 9.23880 -13.82683 3.88860
			vertex 11.75876 -11.75876 3.88860
		endloop
	endfacet
	facet normal -0.49134 0.59870 -0.63256
		outer loop
			vertex 11.75876 -11.75876 26.11140
			vertex 9.23880 -13.82683 26.11140
			vertex 7.85695 -11.75876 29.14214
		endloop
	endfacet
	facet normal -0.49134 0.59870 -0.63256
		outer loop
			vertex 11.75876 -11.75876 26.11140
			vertex 7.85695 -11.75876 29.14214
			vertex 10.00000 -10.00000 29.14214
		endloop
	endfacet
	facet normal -0.40362 0.49181 0.77151
		outer loop
			vertex 9.26085 -9.26085 0.00000
			vertex 7.27621 -10.88961 0.00000
			vertex 7.85695 -11.75876 0.85786
		endloop
	endfacet
	facet normal -0.40362 0.49181 0.77151
		outer loop
			vertex 9.26085 -9.26085 0.00000
			vertex 7.85695 -11.75876 0.85786
			vertex 10.00000 -10.00000 0.85786
		endloop
	endfacet
	facet normal -0.40362 0.49181 -0.77151
		outer loop
			vertex 9.26085 -9.26085 30.00000
			vertex 10.00000 -10.00000 29.14214
			vertex 7.85695 -11.75876 29.14214
		endloop
	endfacet
	facet normal -0.40362 0.49181 -0.77151
		outer loop
			vertex 9.26085 -9.26085 30.00000
			vertex 7.85695 -11.75876 29.14214
			vertex 7.27621 -10.88961 30.00000
		endloop
	endfacet
	facet normal -0.41618 0.77862 0.46963
		outer loop
			vertex 10.02268 -15.00000 6.52831
			vertex 9.23880 -13.82683 3.88860
			vertex 7.04396 -15.00000 3.88860
		endloop
	endfacet
	facet normal -0.41618 0.77862 -0.46963
		outer loop
			vertex 10.02268 -15.00000 23.47169
			vertex 7.04396 -15.00000 26.11140
			vertex 9.23880 -13.82683 26.11140
		endloop
	endfacet
	facet normal -0.36510 0.68306 0.63256
		outer loop
			vertex 7.85695 -11.75876 0.85786
			vertex 5.41196 -13.06563 0.85786
			vertex 6.21320 -15.00000 3.40910
		endloop
	endfacet
	facet normal -0.36510 0.68306 0.63256
		outer loop
			vertex 7.85695 -11.75876 0.85786
			vertex 6.21320 -15.00000 3.40910
			vertex 7.04396 -15.00000 3.88860
		endloop
	endfacet
	facet normal -0.36510 0.68306 0.63256
		outer loop
			vertex 7.85695 -11.75876 0.85786
			vertex 7.04396 -15.00000 3.88860
			vertex 9.23880 -13.82683 3.88860
		endloop
	endfacet
	facet normal -0.36510 0.68306 -0.63256
		outer loop
			vertex 9.23880 -13.82683 26.11140
			vertex 7.04396 -15.00000 26.11140
			vertex 6.21320 -15.00000 26.59090
		endloop
	endfacet
	facet normal -0.36510 0.68306 -0.63256
		outer loop
			vertex 9.23880 -13.82683 26.11140
			vertex 6.21320 -15.00000 26.59090
			vertex 5.41196 -13.06563 29.14214
		endloop
	endfacet
	facet normal -0.36510 0.68306 -0.63256
		outer loop
			vertex 9.23880 -13.82683 26.11140
			vertex 5.41196 -13.06563 29.14214
			vertex 7.85695 -11.75876 29.14214
		endloop
	endfacet
	facet normal -0.29991 0.56110 0.77151
		outer loop
			vertex 7.27621 -10.88961 0.00000
			vertex 5.01194 -12.09989 0.00000
			vertex 5.41196 -13.06563 0.85786
		endloop
	endfacet
	facet normal -0.29991 0.56110 0.77151
		outer loop
			vertex 7.27621 -10.88961 0.00000
			vertex 5.41196 -13.06563 0.85786
			vertex 7.85695 -11.75876 0.85786
		endloop
	endfacet
	facet normal -0.29991 0.56110 -0.77151
		outer loop
			vertex 7.27621 -10.88961 30.00000
			vertex 7.85695 -11.75876 29.14214
			vertex 5.41196 -13.06563 29.14214
		endloop
	endfacet
	facet normal -0.29991 0.56110 -0.77151
		outer loop
			vertex 7.27621 -10.88961 30.00000
			vertex 5.41196 -13.06563 29.14214
			vertex 5.01194 -12.09989 30.00000
		endloop
	endfacet
	facet normal -0.22483 0.74116 0.63256
		outer loop
			vertex 6.21320 -15.00000 3.40910
			vertex 5.41196 -13.06563 0.85786
			vertex 2.75899 -13.87040 0.85786
		endloop
	endfacet
	facet normal -0.22483 0.74116 0.63256
		outer loop
			vertex 6.21320 -15.00000 3.40910
			vertex 2.75899 -13.87040 0.85786
			vertex 2.98369 -15.00000 2.26125
		endloop
	endfacet
	facet normal -0.22483 0.74116 -0.63256
		outer loop
			vertex 6.21320 -15.00000 26.59090
			vertex 2.98369 -15.00000 27.73875
			vertex 2.75899 -13.87040 29.14214
		endloop
	endfacet
	facet normal -0.22483 0.74116 -0.63256
		outer loop
			vertex 6.21320 -15.00000 26.59090
			vertex 2.75899 -13.87040 29.14214
			vertex 5.41196 -13.06563 29.14214
		endloop
	endfacet
	facet normal -0.18469 0.60883 0.77151
		outer loop
			vertex 5.01194 -12.09989 0.00000
			vertex 2.55506 -12.84517 0.00000
			vertex 2.75899 -13.87040 0.85786
		endloop
	endfacet
	facet normal -0.18469 0.60883 0.77151
		outer loop
			vertex 5.01194 -12.09989 0.00000
			vertex 2.75899 -13.87040 0.85786
			vertex 5.41196 -13.06563 0.85786
		endloop
	endfacet
	facet normal -0.18469 0.60883 -0.77151
		outer loop
			vertex 5.01194 -12.09989 30.00000
			vertex 5.41196 -13.06563 29.14214
			vertex 2.75899 -13.87040 29.14214
		endloop
	endfacet
	facet normal -0.18469 0.60883 -0.77151
		outer loop
			vertex 5.01194 -12.09989 30.00000
			vertex 2.75899 -13.87040 29.14214
			vertex 2.55506 -12.84517 30.00000
		endloop
	endfacet
	facet normal -0.07592 0.77078 0.63256
		outer loop
			vertex 2.98369 -15.00000 2.26125
			vertex 2.75899 -13.87040 0.85786
			vertex 0.00000 -14.14214 0.85786
		endloop
	endfacet
	facet normal -0.07592 0.77078 0.63256
		outer loop
			vertex 2.98369 -15.00000 2.26125
			vertex 0.00000 -14.14214 0.85786
			vertex -0.00000 -15.00000 1.90318
		endloop
	endfacet
	facet normal -0.07592 0.77078 -0.63256
		outer loop
			vertex 2.98369 -15.00000 27.73875
			vertex 0.00000 -15.00000 28.09682
			vertex 0.00000 -14.14214 29.14214
		endloop
	endfacet
	facet normal -0.07592 0.77078 -0.63256
		outer loop
			vertex 2.98369 -15.00000 27.73875
			vertex 0.00000 -14.14214 29.14214
			vertex 2.75899 -13.87040 29.14214
		endloop
	endfacet
	facet normal -0.06236 0.63316 0.77151
		outer loop
			vertex 2.55506 -12.84517 0.00000
			vertex -0.00000 -13.09682 0.00000
			vertex 0.00000 -14.14214 0.85786
		endloop
	endfacet
	facet normal -0.06236 0.63316 0.77151
		outer loop
			vertex 2.55506 -12.84517 0.00000
			vertex 0.00000 -14.14214 0.85786
			vertex 2.75899 -13.87040 0.85786
		endloop
	endfacet
	facet normal -0.06236 0.63316 -0.77151
		outer loop
			vertex 2.55506 -12.84517 30.00000
			vertex 2.75899 -13.87040 29.14214
			vertex 0.00000 -14.14214 29.14214
		endloop
	endfacet
	facet normal -0.06236 0.63316 -0.77151
		outer loop
			vertex 2.55506 -12.84517 30.00000
			vertex 0.00000 -14.14214 29.14214
			vertex -0.00000 -13.09682 30.00000
		endloop
	endfacet
	facet normal 0.07592 0.77078 0.63256
		outer loop
			vertex -0.00000 -15.00000 1.90318
			vertex 0.00000 -14.14214 0.85786
			vertex -2.75899 -13.87040 0.85786
		endloop
	endfacet
	facet normal 0.07592 0.77078 0.63256
		outer loop
			vertex -0.00000 -15.00000 1.90318
			vertex -2.75899 -13.87040 0.85786
			vertex -2.98369 -15.00000 2.26125
		endloop
	endfacet
	facet normal 0.07592 0.77078 -0.63256
		outer loop
			vertex 0.00000 -15.00000 28.09682
			vertex -2.98369 -15.00000 27.73875
			vertex -2.75899 -13.87040 29.14214
		endloop
	endfacet
	facet normal 0.07592 0.77078 -0.63256
		outer loop
			vertex 0.00000 -15.00000 28.09682
			vertex -2.75899 -13.87040 29.14214
			vertex 0.00000 -14.14214 29.14214
		endloop
	endfacet
	facet normal 0.06236 0.63316 0.77151
		outer loop
			vertex -0.00000 -13.09682 0.00000
			vertex -2.55506 -12.84517 0.00000
			vertex -2.75899 -13.87040 0.85786
		endloop
	endfacet
	facet normal 0.06236 0.63316 0.77151
		outer loop
			vertex -0.00000 -13.09682 0.00000
			vertex -2.75899 -13.87040 0.85786
			vertex 0.00000 -14.14214 0.85786
		endloop
	endfacet
	facet normal 0.06236 0.63316 -0.77151
		outer loop
			vertex -0.00000 -13.09682 30.00000
			vertex 0.00000 -14.14214 29.14214
			vertex -2.75899 -13.87040 29.14214
		endloop
	endfacet
	facet normal 0.06236 0.63316 -0.77151
		outer loop
			vertex -0.00000 -13.09682 30.00000
			vertex -2.75899 -13.87040 29.14214
			vertex -2.55506 -12.84517 30.00000
		endloop
	endfacet
	facet normal 0.22483 0.74116 0.63256
		outer loop
			vertex -2.98369 -15.00000 2.26125
			vertex -2.75899 -13.87040 0.85786
			vertex -5.41196 -13.06563 0.85786
		endloop
	endfacet
	facet normal 0.22483 0.74116 0.63256
		outer loop
			vertex -2.98369 -15.00000 2.26125
			vertex -5.41196 -13.06563 0.85786
			vertex -6.21320 -15.00000 3.40910
		endloop
	endfacet
	facet normal 0.22483 0.74116 -0.63256
		outer loop
			vertex -2.98369 -15.00000 27.73875
			vertex -6.21320 -15.00000 26.59090
			vertex -5.41196 -13.06563 29.14214
		endloop
	endfacet
	facet normal 0.22483 0.74116 -0.63256
		outer loop
			vertex -2.98369 -15.00000 27.73875
			vertex -5.41196 -13.06563 29.14214
			vertex -2.75899 -13.87040 29.14214
		endloop
	endfacet
	facet normal 0.18469 0.60883 0.77151
		outer loop
			vertex -2.55506 -12.84517 0.00000
			vertex -5.01194 -12.09989 0.00000
			vertex -5.41196 -13.06563 0.85786
		endloop
	endfacet
	facet normal 0.18469 0.60883 0.77151
		outer loop
			vertex -2.55506 -12.84517 0.00000
			vertex -5.41196 -13.06563 0.85786
			vertex -2.75899 -13.87040 0.85786
		endloop
	endfacet
	facet normal 0.18469 0.60883 -0.77151
		outer loop
			vertex -2.55506 -12.84517 30.00000
			vertex -2.75899 -13.87040 29.14214
			vertex -5.41196 -13.06563 29.14214
		endloop
	endfacet
	facet normal 0.18469 0.60883 -0.77151
		outer loop
			vertex -2.55506 -12.84517 30.00000
			vertex -5.41196 -13.06563 29.14214
			vertex -5.01194 -12.09989 30.00000
		endloop
	endfacet
	facet normal 0.41618 0.77862 0.46963
		outer loop
			vertex -7.04396 -15.00000 3.88860
			vertex -9.23880 -13.82683 3.88860
			vertex -10.02268 -15.00000 6.52831
		endloop
	endfacet
	facet normal 0.41618 0.77862 -0.46963
		outer loop
			vertex -10.02268 -15.00000 23.47169
			vertex -9.23880 -13.82683 26.11140
			vertex -7.04396 -15.00000 26.11140
		endloop
	endfacet
	facet normal 0.36510 0.68306 0.63256
		outer loop
			vertex -6.21320 -15.00000 3.40910
			vertex -5.41196 -13.06563 0.85786
			vertex -7.85695 -11.75876 0.85786
		endloop
	endfacet
	facet normal 0.36510 0.68306 0.63256
		outer loop
			vertex -6.21320 -15.00000 3.40910
			vertex -7.85695 -11.75876 0.85786
			vertex -9.23880 -13.82683 3.88860
		endloop
	endfacet
	facet normal 0.36510 0.68306 0.63256
		outer loop
			vertex -6.21320 -15.00000 3.40910
			vertex -9.23880 -13.82683 3.88860
			vertex -7.04396 -15.00000 3.88860
		endloop
	endfacet
	facet normal 0.36510 0.68306 -0.63256
		outer loop
			vertex -6.21320 -15.00000 26.59090
			vertex -7.04396 -15.00000 26.11140
			vertex -9.23880 -13.82683 26.11140
		endloop
	endfacet
	facet normal 0.36510 0.68306 -0.63256
		outer loop
			vertex -6.21320 -15.00000 26.59090
			vertex -9.23880 -13.82683 26.11140
			vertex -7.85695 -11.75876 29.14214
		endloop
	endfacet
	facet normal 0.36510 0.68306 -0.63256
		outer loop
			vertex -6.21320 -15.00000 26.59090
			vertex -7.85695 -11.75876 29.14214
			vertex -5.41196 -13.06563 29.14214
		endloop
	endfacet
	facet normal 0.29991 0.56110 0.77151
		outer loop
			vertex -5.01194 -12.09989 0.00000
			vertex -7.27621 -10.88961 0.00000
			vertex -7.85695 -11.75876 0.85786
		endloop
	endfacet
	facet normal 0.29991 0.56110 0.77151
		outer loop
			vertex -5.01194 -12.09989 0.00000
			vertex -7.85695 -11.75876 0.85786
			vertex -5.41196 -13.06563 0.85786
		endloop
	endfacet
	facet normal 0.29991 0.56110 -0.77151
		outer loop
			vertex -5.01194 -12.09989 30.00000
			vertex -5.41196 -13.06563 29.14214
			vertex -7.85695 -11.75876 29.14214
		endloop
	endfacet
	facet normal 0.29991 0.56110 -0.77151
		outer loop
			vertex -5.01194 -12.09989 30.00000
			vertex -7.85695 -11.75876 29.14214
			vertex -7.27621 -10.88961 30.00000
		endloop
	endfacet
	facet normal 0.63137 0.76932 0.09755
		outer loop
			vertex -12.49397 -15.00000 11.09819
			vertex -13.87040 -13.87040 11.09819
			vertex -14.14214 -14.14214 15.00000
		endloop
	endfacet
	facet normal 0.63137 0.76932 0.09755
		outer loop
			vertex -12.49397 -15.00000 11.09819
			vertex -14.14214 -14.14214 15.00000
			vertex -13.09682 -15.00000 15.00000
		endloop
	endfacet
	facet normal 0.63137 0.76932 -0.09755
		outer loop
			vertex -13.09682 -15.00000 15.00000
			vertex -14.14214 -14.14214 15.00000
			vertex -13.87040 -13.87040 18.90181
		endloop
	endfacet
	facet normal 0.63137 0.76932 -0.09755
		outer loop
			vertex -13.09682 -15.00000 15.00000
			vertex -13.87040 -13.87040 18.90181
			vertex -12.49397 -15.00000 18.90181
		endloop
	endfacet
	facet normal 0.60732 0.74002 0.28900
		outer loop
			vertex -10.70859 -15.00000 7.34633
			vertex -13.06563 -13.06563 7.34633
			vertex -13.87040 -13.87040 11.09819
		endloop
	endfacet
	facet normal 0.60732 0.74002 0.28900
		outer loop
			vertex -10.70859 -15.00000 7.34633
			vertex -13.87040 -13.87040 11.09819
			vertex -12.49397 -15.00000 11.09819
		endloop
	endfacet
	facet normal 0.60732 0.74002 -0.28900
		outer loop
			vertex -12.49397 -15.00000 18.90181
			vertex -13.87040 -13.87040 18.90181
			vertex -13.06563 -13.06563 22.65367
		endloop
	endfacet
	facet normal 0.60732 0.74002 -0.28900
		outer loop
			vertex -12.49397 -15.00000 18.90181
			vertex -13.06563 -13.06563 22.65367
			vertex -10.70859 -15.00000 22.65367
		endloop
	endfacet
	facet normal 0.56008 0.68246 0.46963
		outer loop
			vertex -10.02268 -15.00000 6.52831
			vertex -9.23880 -13.82683 3.88860
			vertex -11.75876 -11.75876 3.88860
		endloop
	endfacet
	facet normal 0.56008 0.68246 0.46963
		outer loop
			vertex -10.02268 -15.00000 6.52831
			vertex -11.75876 -11.75876 3.88860
			vertex -13.06563 -13.06563 7.34633
		endloop
	endfacet
	facet normal 0.56008 0.68246 0.46963
		outer loop
			vertex -10.02268 -15.00000 6.52831
			vertex -13.06563 -13.06563 7.34633
			vertex -10.70859 -15.00000 7.34633
		endloop
	endfacet
	facet normal 0.56008 0.68246 -0.46963
		outer loop
			vertex -10.02268 -15.00000 23.47169
			vertex -10.70859 -15.00000 22.65367
			vertex -13.06563 -13.06563 22.65367
		endloop
	endfacet
	facet normal 0.56008 0.68246 -0.46963
		outer loop
			vertex -10.02268 -15.00000 23.47169
			vertex -13.06563 -13.06563 22.65367
			vertex -11.75876 -11.75876 26.11140
		endloop
	endfacet
	facet normal 0.56008 0.68246 -0.46963
		outer loop
			vertex -10.02268 -15.00000 23.47169
			vertex -11.75876 -11.75876 26.11140
			vertex -9.23880 -13.82683 26.11140
		endloop
	endfacet
	facet normal 0.49134 0.59870 0.63256
		outer loop
			vertex -7.85695 -11.75876 0.85786
			vertex -10.00000 -10.00000 0.85786
			vertex -11.75876 -11.75876 3.88860
		endloop
	endfacet
	facet normal 0.49134 0.59870 0.63256
		outer loop
			vertex -7.85695 -11.75876 0.85786
			vertex -11.75876 -11.75876 3.88860
			vertex -9.23880 -13.82683 3.88860
		endloop
	endfacet
	facet normal 0.49134 0.59870 -0.63256
		outer loop
			vertex -9.23880 -13.82683 26.11140
			vertex -11.75876 -11.75876 26.11140
			vertex -10.00000 -10.00000 29.14214
		endloop
	endfacet
	facet normal 0.49134 0.59870 -0.63256
		outer loop
			vertex -9.23880 -13.82683 26.11140
			vertex -10.00000 -10.00000 29.14214
			vertex -7.85695 -11.75876 29.14214
		endloop
	endfacet
	facet normal 0.40362 0.49181 0.77151
		outer loop
			vertex -7.27621 -10.88961 0.00000
			vertex -9.26085 -9.26085 0.00000
			vertex -10.00000 -10.00000 0.85786
		endloop
	endfacet
	facet normal 0.40362 0.49181 0.77151
		outer loop
			vertex -7.27621 -10.88961 0.00000
			vertex -10.00000 -10.00000 0.85786
			vertex -7.85695 -11.75876 0.85786
		endloop
	endfacet
	facet normal 0.40362 0.49181 -0.77151
		outer loop
			vertex -7.27621 -10.88961 30.00000
			vertex -7.85695 -11.75876 29.14214
			vertex -10.00000 -10.00000 29.14214
		endloop
	endfacet
	facet normal 0.40362 0.49181 -0.77151
		outer loop
			vertex -7.27621 -10.88961 30.00000
			vertex -10.00000 -10.00000 29.14214
			vertex -9.26085 -9.26085 30.00000
		endloop
	endfacet
	facet normal 0.76932 0.63137 0.09755
		outer loop
			vertex -13.87040 -13.87040 11.09819
			vertex -15.00000 -12.49397 11.09819
			vertex -15.00000 -13.09682 15.00000
		endloop
	endfacet
	facet normal 0.76932 0.63137 0.09755
		outer loop
			vertex -13.87040 -13.87040 11.09819
			vertex -15.00000 -13.09682 15.00000
			vertex -14.14214 -14.14214 15.00000
		endloop
	endfacet
	facet normal 0.76932 0.63137 -0.09755
		outer loop
			vertex -14.14214 -14.14214 15.00000
			vertex -15.00000 -13.09682 15.00000
			vertex -15.00000 -12.49397 18.90181
		endloop
	endfacet
	facet normal 0.76932 0.63137 -0.09755
		outer loop
			vertex -14.14214 -14.14214 15.00000
			vertex -15.00000 -12.49397 18.90181
			vertex -13.87040 -13.87040 18.90181
		endloop
	endfacet
	facet normal 0.74002 0.60732 0.28900
		outer loop
			vertex -13.06563 -13.06563 7.34633
			vertex -15.00000 -10.70859 7.34633
			vertex -15.00000 -12.49397 11.09819
		endloop
	endfacet
	facet normal 0.74002 0.60732 0.28900
		outer loop
			vertex -13.06563 -13.06563 7.34633
			vertex -15.00000 -12.49397 11.09819
			vertex -13.87040 -13.87040 11.09819
		endloop
	endfacet
	facet normal 0.74002 0.60732 -0.28900
		outer loop
			vertex -13.87040 -13.87040 18.90181
			vertex -15.00000 -12.49397 18.90181
			vertex -15.00000 -10.70859 22.65367
		endloop
	endfacet
	facet normal 0.74002 0.60732 -0.28900
		outer loop
			vertex -13.87040 -13.87040 18.90181
			vertex -15.00000 -10.70859 22.65367
			vertex -13.06563 -13.06563 22.65367
		endloop
	endfacet
	facet normal 0.68246 0.56008 0.46963
		outer loop
			vertex -11.75876 -11.75876 3.88860
			vertex -13.82683 -9.23880 3.88860
			vertex -15.00000 -10.02268 6.52831
		endloop
	endfacet
	facet normal 0.68246 0.56008 0.46963
		outer loop
			vertex -11.75876 -11.75876 3.88860
			vertex -15.00000 -10.02268 6.52831
			vertex -15.00000 -10.70859 7.34633
		endloop
	endfacet
	facet normal 0.68246 0.56008 0.46963
		outer loop
			vertex -11.75876 -11.75876 3.88860
			vertex -15.00000 -10.70859 7.34633
			vertex -13.06563 -13.06563 7.34633
		endloop
	endfacet
	facet normal 0.68246 0.56008 -0.46963
		outer loop
			vertex -13.06563 -13.06563 22.65367
			vertex -15.00000 -10.70859 22.65367
			vertex -15.00000 -10.02268 23.47169
		endloop
	endfacet
	facet normal 0.68246 0.56008 -0.46963
		outer loop
			vertex -13.06563 -13.06563 22.65367
			vertex -15.00000 -10.02268 23.47169
			vertex -13.82683 -9.23880 26.11140
		endloop
	endfacet
	facet normal 0.68246 0.56008 -0.46963
		outer loop
			vertex -13.06563 -13.06563 22.65367
			vertex -13.82683 -9.23880 26.11140
			vertex -11.75876 -11.75876 26.11140
		endloop
	endfacet
	facet normal 0.59870 0.49134 0.63256
		outer loop
			vertex -10.00000 -10.00000 0.85786
			vertex -11.75876 -7.85695 0.85786
			vertex -13.82683 -9.23880 3.88860
		endloop
	endfacet
	facet normal 0.59870 0.49134 0.63256
		outer loop
			vertex -10.00000 -10.00000 0.85786
			vertex -13.82683 -9.23880 3.88860
			vertex -11.75876 -11.75876 3.88860
		endloop
	endfacet
	facet normal 0.59870 0.49134 -0.63256
		outer loop
			vertex -11.75876 -11.75876 26.11140
			vertex -13.82683 -9.23880 26.11140
			vertex -11.75876 -7.85695 29.14214
		endloop
	endfacet
	facet normal 0.59870 0.49134 -0.63256
		outer loop
			vertex -11.75876 -11.75876 26.11140
			vertex -11.75876 -7.85695 29.14214
			vertex -10.00000 -10.00000 29.14214
		endloop
	endfacet
	facet normal 0.49181 0.40362 0.77151
		outer loop
			vertex -9.26085 -9.26085 0.00000
			vertex -10.88961 -7.27621 0.00000
			vertex -11.75876 -7.85695 0.85786
		endloop
	endfacet
	facet normal 0.49181 0.40362 0.77151
		outer loop
			vertex -9.26085 -9.26085 0.00000
			vertex -11.75876 -7.85695 0.85786
			vertex -10.00000 -10.00000 0.85786
		endloop
	endfacet
	facet normal 0.49181 0.40362 -0.77151
		outer loop
			vertex -9.26085 -9.26085 30.00000
			vertex -10.00000 -10.00000 29.14214
			vertex -11.75876 -7.85695 29.14214
		endloop
	endfacet
	facet normal 0.49181 0.40362 -0.77151
		outer loop
			vertex -9.26085 -9.26085 30.00000
			vertex -11.75876 -7.85695 29.14214
			vertex -10.88961 -7.27621 30.00000
		endloop
	endfacet
	facet normal 0.77862 0.41618 0.46963
		outer loop
			vertex -15.00000 -10.02268 6.52831
			vertex -13.82683 -9.23880 3.88860
			vertex -15.00000 -7.04396 3.88860
		endloop
	endfacet
	facet normal 0.77862 0.41618 -0.46963
		outer loop
			vertex -15.00000 -10.02268 23.47169
			vertex -15.00000 -7.04396 26.11140
			vertex -13.82683 -9.23880 26.11140
		endloop
	endfacet
	facet normal 0.68306 0.36510 0.63256
		outer loop
			vertex -11.75876 -7.85695 0.85786
			vertex -13.06563 -5.41196 0.85786
			vertex -15.00000 -6.21320 3.40910
		endloop
	endfacet
	facet normal 0.68306 0.36510 0.63256
		outer loop
			vertex -11.75876 -7.85695 0.85786
			vertex -15.00000 -6.21320 3.40910
			vertex -15.00000 -7.04396 3.88860
		endloop
	endfacet
	facet normal 0.68306 0.36510 0.63256
		outer loop
			vertex -11.75876 -7.85695 0.85786
			vertex -15.00000 -7.04396 3.88860
			vertex -13.82683 -9.23880 3.88860
		endloop
	endfacet
	facet normal 0.68306 0.36510 -0.63256
		outer loop
			vertex -13.82683 -9.23880 26.11140
			vertex -15.00000 -7.04396 26.11140
			vertex -15.00000 -6.21320 26.59090
		endloop
	endfacet
	facet normal 0.68306 0.36510 -0.63256
		outer loop
			vertex -13.82683 -9.23880 26.11140
			vertex -15.00000 -6.21320 26.59090
			vertex -13.06563 -5.41196 29.14214
		endloop
	endfacet
	facet normal 0.68306 0.36510 -0.63256
		outer loop
			vertex -13.82683 -9.23880 26.11140
			vertex -13.06563 -5.41196 29.14214
			vertex -11.75876 -7.85695 29.14214
		endloop
	endfacet
	facet normal 0.56110 0.29991 0.77151
		outer loop
			vertex -10.88961 -7.27621 0.00000
			vertex -12.09989 -5.01194 0.00000
			vertex -13.06563 -5.41196 0.85786
		endloop
	endfacet
	facet normal 0.56110 0.29991 0.77151
		outer loop
			vertex -10.88961 -7.27621 0.00000
			vertex -13.06563 -5.41196 0.85786
			vertex -11.75876 -7.85695 0.85786
		endloop
	endfacet
	facet normal 0.56110 0.29991 -0.77151
		outer loop
			vertex -10.88961 -7.27621 30.00000
			vertex -11.75876 -7.85695 29.14214
			vertex -13.06563 -5.41196 29.14214
		endloop
	endfacet
	facet normal 0.56110 0.29991 -0.77151
		outer loop
			vertex -10.88961 -7.27621 30.00000
			vertex -13.06563 -5.41196 29.14214
			vertex -12.09989 -5.01194 30.00000
		endloop
	endfacet
	facet normal 0.74116 0.22483 0.63256
		outer loop
			vertex -15.00000 -6.21320 3.40910
			vertex -13.06563 -5.41196 0.85786
			vertex -13.87040 -2.75899 0.85786
		endloop
	endfacet
	facet normal 0.74116 0.22483 0.63256
		outer loop
			vertex -15.00000 -6.21320 3.40910
			vertex -13.87040 -2.75899 0.85786
			vertex -15.00000 -2.98369 2.26125
		endloop
	endfacet
	facet normal 0.74116 0.22483 -0.63256
		outer loop
			vertex -15.00000 -6.21320 26.59090
			vertex -15.00000 -2.98369 27.73875
			vertex -13.87040 -2.75899 29.14214
		endloop
	endfacet
	facet normal 0.74116 0.22483 -0.63256
		outer loop
			vertex -15.00000 -6.21320 26.59090
			vertex -13.87040 -2.75899 29.14214
			vertex -13.06563 -5.41196 29.14214
		endloop
	endfacet
	facet normal 0.60883 0.18469 0.77151
		outer loop
			vertex -12.09989 -5.01194 0.00000
			vertex -12.84517 -2.55506 0.00000
			vertex -13.87040 -2.75899 0.85786
		endloop
	endfacet
	facet normal 0.60883 0.18469 0.77151
		outer loop
			vertex -12.09989 -5.01194 0.00000
			vertex -13.87040 -2.75899 0.85786
			vertex -13.06563 -5.41196 0.85786
		endloop
	endfacet
	facet normal 0.60883 0.18469 -0.77151
		outer loop
			vertex -12.09989 -5.01194 30.00000
			vertex -13.06563 -5.41196 29.14214
			vertex -13.87040 -2.75899 29.14214
		endloop
	endfacet
	facet normal 0.60883 0.18469 -0.77151
		outer loop
			vertex -12.09989 -5.01194 30.00000
			vertex -13.87040 -2.75899 29.14214
			vertex -12.84517 -2.55506 30.00000
		endloop
	endfacet
	facet normal 0.77078 0.07592 0.63256
		outer loop
			vertex -15.00000 -2.98369 2.26125
			vertex -13.87040 -2.75899 0.85786
			vertex -14.14214 -0.00000 0.85786
		endloop
	endfacet
	facet normal 0.77078 0.07592 0.63256
		outer loop
			vertex -15.00000 -2.98369 2.26125
			vertex -14.14214 -0.00000 0.85786
			vertex -15.00000 0.00000 1.90318
		endloop
	endfacet
	facet normal 0.77078 0.07592 -0.63256
		outer loop
			vertex -15.00000 -2.98369 27.73875
			vertex -15.00000 -0.00000 28.09682
			vertex -14.14214 -0.00000 29.14214
		endloop
	endfacet
	facet normal 0.77078 0.07592 -0.63256
		outer loop
			vertex -15.00000 -2.98369 27.73875
			vertex -14.14214 -0.00000 29.14214
			vertex -13.87040 -2.75899 29.14214
		endloop
	endfacet
	facet normal 0.63316 0.06236 0.77151
		outer loop
			vertex -12.84517 -2.55506 0.00000
			vertex -13.09682 0.00000 0.00000
			vertex -14.14214 -0.00000 0.85786
		endloop
	endfacet
	facet normal 0.63316 0.06236 0.77151
		outer loop
			vertex -12.84517 -2.55506 0.00000
			vertex -14.14214 -0.00000 0.85786
			vertex -13.87040 -2.75899 0.85786
		endloop
	endfacet
	facet normal 0.63316 0.06236 -0.77151
		outer loop
			vertex -12.84517 -2.55506 30.00000
			vertex -13.87040 -2.75899 29.14214
			vertex -14.14214 -0.00000 29.14214
		endloop
	endfacet
	facet normal 0.63316 0.06236 -0.77151
		outer loop
			vertex -12.84517 -2.55506 30.00000
			vertex -14.14214 -0.00000 29.14214
			vertex -13.09682 0.00000 30.00000
		endloop
	endfacet
	facet normal 0.77078 -0.07592 0.63256
		outer loop
			vertex -15.00000 0.00000 1.90318
			vertex -14.14214 -0.00000 0.85786
			vertex -13.87040 2.75899 0.85786
		endloop
	endfacet
	facet normal 0.77078 -0.07592 0.63256
		outer loop
			vertex -15.00000 0.00000 1.90318
			vertex -13.87040 2.75899 0.85786
			vertex -15.00000 2.98369 2.26125
		endloop
	endfacet
	facet normal 0.77078 -0.07592 -0.63256
		outer loop
			vertex -15.00000 -0.00000 28.09682
			vertex -15.00000 2.98369 27.73875
			vertex -13.87040 2.75899 29.14214
		endloop
	endfacet
	facet normal 0.77078 -0.07592 -0.63256
		outer loop
			vertex -15.00000 -0.00000 28.09682
			vertex -13.87040 2.75899 29.14214
			vertex -14.14214 -0.00000 29.14214
		endloop
	endfacet
	facet normal 0.63316 -0.06236 0.77151
		outer loop
			vertex -13.09682 0.00000 0.00000
			vertex -12.84517 2.55506 0.00000
			vertex -13.87040 2.75899 0.85786
		endloop
	endfacet
	facet normal 0.63316 -0.06236 0.77151
		outer loop
			vertex -13.09682 0.00000 0.00000
			vertex -13.87040 2.75899 0.85786
			vertex -14.14214 -0.00000 0.85786
		endloop
	endfacet
	facet normal 0.63316 -0.06236 -0.77151
		outer loop
			vertex -13.09682 0.00000 30.00000
			vertex -14.14214 -0.00000 29.14214
			vertex -13.87040 2.75899 29.14214
		endloop
	endfacet
	facet normal 0.63316 -0.06236 -0.77151
		outer loop
			vertex -13.09682 0.00000 30.00000
			vertex -13.87040 2.75899 29.14214
			vertex -12.84517 2.55506 30.00000
		endloop
	endfacet
	facet normal 0.74116 -0.22483 0.63256
		outer loop
			vertex -15.00000 2.98369 2.26125
			vertex -13.87040 2.75899 0.85786
			vertex -13.06563 5.41196 0.85786
		endloop
	endfacet
	facet normal 0.74116 -0.22483 0.63256
		outer loop
			vertex -15.00000 2.98369 2.26125
			vertex -13.06563 5.41196 0.85786
			vertex -15.00000 6.21320 3.40910
		endloop
	endfacet
	facet normal 0.74116 -0.22483 -0.63256
		outer loop
			vertex -15.00000 2.98369 27.73875
			vertex -15.00000 6.21320 26.59090
			vertex -13.06563 5.41196 29.14214
		endloop
	endfacet
	facet normal 0.74116 -0.22483 -0.63256
		outer loop
			vertex -15.00000 2.98369 27.73875
			vertex -13.06563 5.41196 29.14214
			vertex -13.87040 2.75899 29.14214
		endloop
	endfacet
	facet normal 0.60883 -0.18469 0.77151
		outer loop
			vertex -12.84517 2.55506 0.00000
			vertex -12.09989 5.01194 0.00000
			vertex -13.06563 5.41196 0.85786
		endloop
	endfacet
	facet normal 0.60883 -0.18469 0.77151
		outer loop
			vertex -12.84517 2.55506 0.00000
			vertex -13.06563 5.41196 0.85786
			vertex -13.87040 2.75899 0.85786
		endloop
	endfacet
	facet normal 0.60883 -0.18469 -0.77151
		outer loop
			vertex -12.84517 2.55506 30.00000
			vertex -13.87040 2.75899 29.14214
			vertex -13.06563 5.41196 29.14214
		endloop
	endfacet
	facet normal 0.60883 -0.18469 -0.77151
		outer loop
			vertex -12.84517 2.55506 30.00000
			vertex -13.06563 5.41196 29.14214
			vertex -12.09989 5.01194 30.00000
		endloop
	endfacet
	facet normal 0.77862 -0.41618 0.46963
		outer loop
			vertex -15.00000 7.04396 3.88860
			vertex -13.82683 9.23880 3.88860
			vertex -15.00000 10.02268 6.52831
		endloop
	endfacet
	facet normal 0.77862 -0.41618 -0.46963
		outer loop
			vertex -15.00000 10.02268 23.47169
			vertex -13.82683 9.23880 26.11140
			vertex -15.00000 7.04396 26.11140
		endloop
	endfacet
	facet normal 0.68306 -0.36510 0.63256
		outer loop
			vertex -15.00000 6.21320 3.40910
			vertex -13.06563 5.41196 0.85786
			vertex -11.75876 7.85695 0.85786
		endloop
	endfacet
	facet normal 0.68306 -0.36510 0.63256
		outer loop
			vertex -15.00000 6.21320 3.40910
			vertex -11.75876 7.85695 0.85786
			vertex -13.82683 9.23880 3.88860
		endloop
	endfacet
	facet normal 0.68306 -0.36510 0.63256
		outer loop
			vertex -15.00000 6.21320 3.40910
			vertex -13.82683 9.23880 3.88860
			vertex -15.00000 7.04396 3.88860
		endloop
	endfacet
	facet normal 0.68306 -0.36510 -0.63256
		outer loop
			vertex -15.00000 6.21320 26.59090
			vertex -15.00000 7.04396 26.11140
			vertex -13.82683 9.23880 26.11140
		endloop
	endfacet
	facet normal 0.68306 -0.36510 -0.63256
		outer loop
			vertex -15.00000 6.21320 26.59090
			vertex -13.82683 9.23880 26.11140
			vertex -11.75876 7.85695 29.14214
		endloop
	endfacet
	facet normal 0.68306 -0.36510 -0.63256
		outer loop
			vertex -15.00000 6.21320 26.59090
			vertex -11.75876 7.85695 29.14214
			vertex -13.06563 5.41196 29.14214
		endloop
	endfacet
	facet normal 0.56110 -0.29991 0.77151
		outer loop
			vertex -12.09989 5.01194 0.00000
			vertex -10.88961 7.27621 0.00000
			vertex -11.75876 7.85695 0.85786
		endloop
	endfacet
	facet normal 0.56110 -0.29991 0.77151
		outer loop
			vertex -12.09989 5.01194 0.00000
			vertex -11.75876 7.85695 0.85786
			vertex -13.06563 5.41196 0.85786
		endloop
	endfacet
	facet normal 0.56110 -0.29991 -0.77151
		outer loop
			vertex -12.09989 5.01194 30.00000
			vertex -13.06563 5.41196 29.14214
			vertex -11.75876 7.85695 29.14214
		endloop
	endfacet
	facet normal 0.56110 -0.29991 -0.77151
		outer loop
			vertex -12.09989 5.01194 30.00000
			vertex -11.75876 7.85695 29.14214
			vertex -10.88961 7.27621 30.00000
		endloop
	endfacet
	facet normal 0.76932 -0.63137 0.09755
		outer loop
			vertex -15.00000 12.49397 11.09819
			vertex -13.87040 13.87040 11.09819
			vertex -14.14214 14.14214 15.00000
		endloop
	endfacet
	facet normal 0.76932 -0.63137 0.09755
		outer loop
			vertex -15.00000 12.49397 11.09819
			vertex -14.14214 14.14214 15.00000
			vertex -15.00000 13.09682 15.00000
		endloop
	endfacet
	facet normal 0.76932 -0.63137 -0.09755
		outer loop
			vertex -15.00000 13.09682 15.00000
			vertex -14.14214 14.14214 15.00000
			vertex -13.87040 13.87040 18.90181
		endloop
	endfacet
	facet normal 0.76932 -0.63137 -0.09755
		outer loop
			vertex -15.00000 13.09682 15.00000
			vertex -13.87040 13.87040 18.90181
			vertex -15.00000 12.49397 18.90181
		endloop
	endfacet
	facet normal 0.74002 -0.60732 0.28900
		outer loop
			vertex -15.00000 10.70859 7.34633
			vertex -13.06563 13.06563 7.34633
			vertex -13.87040 13.87040 11.09819
		endloop
	endfacet
	facet normal 0.74002 -0.60732 0.28900
		outer loop
			vertex -15.00000 10.70859 7.34633
			vertex -13.87040 13.87040 11.09819
			vertex -15.00000 12.49397 11.09819
		endloop
	endfacet
	facet normal 0.74002 -0.60732 -0.28900
		outer loop
			vertex -15.00000 12.49397 18.90181
			vertex -13.87040 13.87040 18.90181
			vertex -13.06563 13.06563 22.65367
		endloop
	endfacet
	facet normal 0.74002 -0.60732 -0.28900
		outer loop
			vertex -15.00000 12.49397 18.90181
			vertex -13.06563 13.06563 22.65367
			vertex -15.00000 10.70859 22.65367
		endloop
	endfacet
	facet normal 0.68246 -0.56008 0.46963
		outer loop
			vertex -15.00000 10.02268 6.52831
			vertex -13.82683 9.23880 3.88860
			vertex -11.75876 11.75876 3.88860
		endloop
	endfacet
	facet normal 0.68246 -0.56008 0.46963
		outer loop
			vertex -15.00000 10.02268 6.52831
			vertex -11.75876 11.75876 3.88860
			vertex -13.06563 13.06563 7.34633
		endloop
	endfacet
	facet normal 0.68246 -0.56008 0.46963
		outer loop
			vertex -15.00000 10.02268 6.52831
			vertex -13.06563 13.06563 7.34633
			vertex -15.00000 10.70859 7.34633
		endloop
	endfacet
	facet normal 0.68246 -0.56008 -0.46963
		outer loop
			vertex -15.00000 10.02268 23.47169
			vertex -15.00000 10.70859 22.65367
			vertex -13.06563 13.06563 22.65367
		endloop
	endfacet
	facet normal 0.68246 -0.56008 -0.46963
		outer loop
			vertex -15.00000 10.02268 23.47169
			vertex -13.06563 13.06563 22.65367
			vertex -11.75876 11.75876 26.11140
		endloop
	endfacet
	facet normal 0.68246 -0.56008 -0.46963
		outer loop
			vertex -15.00000 10.02268 23.47169
			vertex -11.75876 11.75876 26.11140
			vertex -13.82683 9.23880 26.11140
		endloop
	endfacet
	facet normal 0.59870 -0.49134 0.63256
		outer loop
			vertex -11.75876 7.85695 0.85786
			vertex -10.00000 10.00000 0.85786
			vertex -11.75876 11.75876 3.88860
		endloop
	endfacet
	facet normal 0.59870 -0.49134 0.63256
		outer loop
			vertex -11.75876 7.85695 0.85786
			vertex -11.75876 11.75876 3.88860
			vertex -13.82683 9.23880 3.88860
		endloop
	endfacet
	facet normal 0.59870 -0.49134 -0.63256
		outer loop
			vertex -13.82683 9.23880 26.11140
			vertex -11.75876 11.75876 26.11140
			vertex -10.00000 10.00000 29.14214
		endloop
	endfacet
	facet normal 0.59870 -0.49134 -0.63256
		outer loop
			vertex -13.82683 9.23880 26.11140
			vertex -10.00000 10.00000 29.14214
			vertex -11.75876 7.85695 29.14214
		endloop
	endfacet
	facet normal 0.49181 -0.40362 0.77151
		outer loop
			vertex -10.88961 7.27621 0.00000
			vertex -9.26085 9.26085 0.00000
			vertex -10.00000 10.00000 0.85786
		endloop
	endfacet
	facet normal 0.49181 -0.40362 0.77151
		outer loop
			vertex -10.88961 7.27621 0.00000
			vertex -10.00000 10.00000 0.85786
			vertex -11.75876 7.85695 0.85786
		endloop
	endfacet
	facet normal 0.49181 -0.40362 -0.77151
		outer loop
			vertex -10.88961 7.27621 30.00000
			vertex -11.75876 7.85695 29.14214
			vertex -10.00000 10.00000 29.14214
		endloop
	endfacet
	facet normal 0.49181 -0.40362 -0.77151
		outer loop
			vertex -10.88961 7.27621 30.00000
			vertex -10.00000 10.00000 29.14214
			vertex -9.26085 9.26085 30.00000
		endloop
	endfacet
	facet normal 0.63137 -0.76932 0.09755
		outer loop
			vertex -13.87040 13.87040 11.09819
			vertex -12.49397 15.00000 11.09819
			vertex -13.09682 15.00000 15.00000
		endloop
	endfacet
	facet normal 0.63137 -0.76932 0.09755
		outer loop
			vertex -13.87040 13.87040 11.09819
			vertex -13.09682 15.00000 15.00000
			vertex -14.14214 14.14214 15.00000
		endloop
	endfacet
	facet normal 0.63137 -0.76932 -0.09755
		outer loop
			vertex -14.14214 14.14214 15.00000
			vertex -13.09682 15.00000 15.00000
			vertex -12.49397 15.00000 18.90181
		endloop
	endfacet
	facet normal 0.63137 -0.76932 -0.09755
		outer loop
			vertex -14.14214 14.14214 15.00000
			vertex -12.49397 15.00000 18.90181
			vertex -13.87040 13.87040 18.90181
		endloop
	endfacet
	facet normal 0.60732 -0.74002 0.28900
		outer loop
			vertex -13.06563 13.06563 7.34633
			vertex -10.70859 15.00000 7.34633
			vertex -12.49397 15.00000 11.09819
		endloop
	endfacet
	facet normal 0.60732 -0.74002 0.28900
		outer loop
			vertex -13.06563 13.06563 7.34633
			vertex -12.49397 15.00000 11.09819
			vertex -13.87040 13.87040 11.09819
		endloop
	endfacet
	facet normal 0.60732 -0.74002 -0.28900
		outer loop
			vertex -13.87040 13.87040 18.90181
			vertex -12.49397 15.00000 18.90181
			vertex -10.70859 15.00000 22.65367
		endloop
	endfacet
	facet normal 0.60732 -0.74002 -0.28900
		outer loop
			vertex -13.87040 13.87040 18.90181
			vertex -10.70859 15.00000 22.65367
			vertex -13.06563 13.06563 22.65367
		endloop
	endfacet
	facet normal 0.56008 -0.68246 0.46963
		outer loop
			vertex -11.75876 11.75876 3.88860
			vertex -9.23880 13.82683 3.88860
			vertex -10.02268 15.00000 6.52831
		endloop
	endfacet
	facet normal 0.56008 -0.68246 0.46963
		outer loop
			vertex -11.75876 11.75876 3.88860
			vertex -10.02268 15.00000 6.52831
			vertex -10.70859 15.00000 7.34633
		endloop
	endfacet
	facet normal 0.56008 -0.68246 0.46963
		outer loop
			vertex -11.75876 11.75876 3.88860
			vertex -10.70859 15.00000 7.34633
			vertex -13.06563 13.06563 7.34633
		endloop
	endfacet
	facet normal 0.56008 -0.68246 -0.46963
		outer loop
			vertex -13.06563 13.06563 22.65367
			vertex -10.70859 15.00000 22.65367
			vertex -10.02268 15.00000 23.47169
		endloop
	endfacet
	facet normal 0.56008 -0.68246 -0.46963
		outer loop
			vertex -13.06563 13.06563 22.65367
			vertex -10.02268 15.00000 23.47169
			vertex -9.23880 13.82683 26.11140
		endloop
	endfacet
	facet normal 0.56008 -0.68246 -0.46963
		outer loop
			vertex -13.06563 13.06563 22.65367
			vertex -9.23880 13.82683 26.11140
			vertex -11.75876 11.75876 26.11140
		endloop
	endfacet
	facet normal 0.49134 -0.59870 0.63256
		outer loop
			vertex -10.00000 10.00000 0.85786
			vertex -7.85695 11.75876 0.85786
			vertex -9.23880 13.82683 3.88860
		endloop
	endfacet
	facet normal 0.49134 -0.59870 0.63256
		outer loop
			vertex -10.00000 10.00000 0.85786
			vertex -9.23880 13.82683 3.88860
			vertex -11.75876 11.75876 3.88860
		endloop
	endfacet
	facet normal 0.49134 -0.59870 -0.63256
		outer loop
			vertex -11.75876 11.75876 26.11140
			vertex -9.23880 13.82683 26.11140
			vertex -7.85695 11.75876 29.14214
		endloop
	endfacet
	facet normal 0.49134 -0.59870 -0.63256
		outer loop
			vertex -11.75876 11.75876 26.11140
			vertex -7.85695 11.75876 29.14214
			vertex -10.00000 10.00000 29.14214
		endloop
	endfacet
	facet normal 0.40362 -0.49181 0.77151
		outer loop
			vertex -9.26085 9.26085 0.00000
			vertex -7.27621 10.88961 0.00000
			vertex -7.85695 11.75876 0.85786
		endloop
	endfacet
	facet normal 0.40362 -0.49181 0.77151
		outer loop
			vertex -9.26085 9.26085 0.00000
			vertex -7.85695 11.75876 0.85786
			vertex -10.00000 10.00000 0.85786
		endloop
	endfacet
	facet normal 0.40362 -0.49181 -0.77151
		outer loop
			vertex -9.26085 9.26085 30.00000
			vertex -10.00000 10.00000 29.14214
			vertex -7.85695 11.75876 29.14214
		endloop
	endfacet
	facet normal 0.40362 -0.49181 -0.77151
		outer loop
			vertex -9.26085 9.26085 30.00000
			vertex -7.85695 11.75876 29.14214
			vertex -7.27621 10.88961 30.00000
		endloop
	endfacet
	facet normal 0.41618 -0.77862 0.46963
		outer loop
			vertex -10.02268 15.00000 6.52831
			vertex -9.23880 13.82683 3.88860
			vertex -7.04396 15.00000 3.88860
		endloop
	endfacet
	facet normal 0.41618 -0.77862 -0.46963
		outer loop
			vertex -10.02268 15.00000 23.47169
			vertex -7.04396 15.00000 26.11140
			vertex -9.23880 13.82683 26.11140
		endloop
	endfacet
	facet normal 0.36510 -0.68306 0.63256
		outer loop
			vertex -7.85695 11.75876 0.85786
			vertex -5.41196 13.06563 0.85786
			vertex -6.21320 15.00000 3.40910
		endloop
	endfacet
	facet normal 0.36510 -0.68306 0.63256
		outer loop
			vertex -7.85695 11.75876 0.85786
			vertex -6.21320 15.00000 3.40910
			vertex -7.04396 15.00000 3.88860
		endloop
	endfacet
	facet normal 0.36510 -0.68306 0.63256
		outer loop
			vertex -7.85695 11.75876 0.85786
			vertex -7.04396 15.00000 3.88860
			vertex -9.23880 13.82683 3.88860
		endloop
	endfacet
	facet normal 0.36510 -0.68306 -0.63256
		outer loop
			vertex -9.23880 13.82683 26.11140
			vertex -7.04396 15.00000 26.11140
			vertex -6.21320 15.00000 26.59090
		endloop
	endfacet
	facet normal 0.36510 -0.68306 -0.63256
		outer loop
			vertex -9.23880 13.82683 26.11140
			vertex -6.21320 15.00000 26.59090
			vertex -5.41196 13.06563 29.14214
		endloop
	endfacet
	facet normal 0.36510 -0.68306 -0.63256
		outer loop
			vertex -9.23880 13.82683 26.11140
			vertex -5.41196 13.06563 29.14214
			vertex -7.85695 11.75876 29.14214
		endloop
	endfacet
	facet normal 0.29991 -0.56110 0.77151
		outer loop
			vertex -7.27621 10.88961 0.00000
			vertex -5.01194 12.09989 0.00000
			vertex -5.41196 13.06563 0.85786
		endloop
	endfacet
	facet normal 0.29991 -0.56110 0.77151
		outer loop
			vertex -7.27621 10.88961 0.00000
			vertex -5.41196 13.06563 0.85786
			vertex -7.85695 11.75876 0.85786
		endloop
	endfacet
	facet normal 0.29991 -0.56110 -0.77151
		outer loop
			vertex -7.27621 10.88961 30.00000
			vertex -7.85695 11.75876 29.14214
			vertex -5.41196 13.06563 29.14214
		endloop
	endfacet
	facet normal 0.29991 -0.56110 -0.77151
		outer loop
			vertex -7.27621 10.88961 30.00000
			vertex -5.41196 13.06563 29.14214
			vertex -5.01194 12.09989 30.00000
		endloop
	endfacet
	facet normal 0.22483 -0.74116 0.63256
		outer loop
			vertex -6.21320 15.00000 3.40910
			vertex -5.41196 13.06563 0.85786
			vertex -2.75899 13.87040 0.85786
		endloop
	endfacet
	facet normal 0.22483 -0.74116 0.63256
		outer loop
			vertex -6.21320 15.00000 3.40910
			vertex -2.75899 13.87040 0.85786
			vertex -2.98369 15.00000 2.26125
		endloop
	endfacet
	facet normal 0.22483 -0.74116 -0.63256
		outer loop
			vertex -6.21320 15.00000 26.59090
			vertex -2.98369 15.00000 27.73875
			vertex -2.75899 13.87040 29.14214
		endloop
	endfacet
	facet normal 0.22483 -0.74116 -0.63256
		outer loop
			vertex -6.21320 15.00000 26.59090
			vertex -2.75899 13.87040 29.14214
			vertex -5.41196 13.06563 29.14214
		endloop
	endfacet
	facet normal 0.18469 -0.60883 0.77151
		outer loop
			vertex -5.01194 12.09989 0.00000
			vertex -2.55506 12.84517 0.00000
			vertex -2.75899 13.87040 0.85786
		endloop
	endfacet
	facet normal 0.18469 -0.60883 0.77151
		outer loop
			vertex -5.01194 12.09989 0.00000
			vertex -2.75899 13.87040 0.85786
			vertex -5.41196 13.06563 0.85786
		endloop
	endfacet
	facet normal 0.18469 -0.60883 -0.77151
		outer loop
			vertex -5.01194 12.09989 30.00000
			vertex -5.41196 13.06563 29.14214
			vertex -2.75899 13.87040 29.14214
		endloop
	endfacet
	facet normal 0.18469 -0.60883 -0.77151
		outer loop
			vertex -5.01194 12.09989 30.00000
			vertex -2.75899 13.87040 29.14214
			vertex -2.55506 12.84517 30.00000
		endloop
	endfacet
	facet normal 0.07592 -0.77078 0.63256
		outer loop
			vertex -2.98369 15.00000 2.26125
			vertex -2.75899 13.87040 0.85786
			vertex -0.00000 14.14214 0.85786
		endloop
	endfacet
	facet normal 0.07592 -0.77078 0.63256
		outer loop
			vertex -2.98369 15.00000 2.26125
			vertex -0.00000 14.14214 0.85786
			vertex -0.00000 15.00000 1.90318
		endloop
	endfacet
	facet normal 0.07592 -0.77078 -0.63256
		outer loop
			vertex -2.98369 15.00000 27.73875
			vertex -0.00000 15.00000 28.09682
			vertex -0.00000 14.14214 29.14214
		endloop
	endfacet
	facet normal 0.07592 -0.77078 -0.63256
		outer loop
			vertex -2.98369 15.00000 27.73875
			vertex -0.00000 14.14214 29.14214
			vertex -2.75899 13.87040 29.14214
		endloop
	endfacet
	facet normal 0.06236 -0.63316 0.77151
		outer loop
			vertex -2.55506 12.84517 0.00000
			vertex 0.00000 13.09682 0.00000
			vertex -0.00000 14.14214 0.85786
		endloop
	endfacet
	facet normal 0.06236 -0.63316 0.77151
		outer loop
			vertex -2.55506 12.84517 0.00000
			vertex -0.00000 14.14214 0.85786
			vertex -2.75899 13.87040 0.85786
		endloop
	endfacet
	facet normal 0.06236 -0.63316 -0.77151
		outer loop
			vertex -2.55506 12.84517 30.00000
			vertex -2.75899 13.87040 29.14214
			vertex -0.00000 14.14214 29.14214
		endloop
	endfacet
	facet normal 0.06236 -0.63316 -0.77151
		outer loop
			vertex -2.55506 12.84517 30.00000
			vertex -0.00000 14.14214 29.14214
			vertex 0.00000 13.09682 30.00000
		endloop
	endfacet
	facet normal -0.07592 -0.77078 0.63256
		outer loop
			vertex -0.00000 15.00000 1.90318
			vertex -0.00000 14.14214 0.85786
			vertex 2.75899 13.87040 0.85786
		endloop
	endfacet
	facet normal -0.07592 -0.77078 0.63256
		outer loop
			vertex -0.00000 15.00000 1.90318
			vertex 2.75899 13.87040 0.85786
			vertex 2.98369 15.00000 2.26125
		endloop
	endfacet
	facet normal -0.07592 -0.77078 -0.63256
		outer loop
			vertex -0.00000 15.00000 28.09682
			vertex 2.98369 15.00000 27.73875
			vertex 2.75899 13.87040 29.14214
		endloop
	endfacet
	facet normal -0.07592 -0.77078 -0.63256
		outer loop
			vertex -0.00000 15.00000 28.09682
			vertex 2.75899 13.87040 29.14214
			vertex -0.00000 14.14214 29.14214
		endloop
	endfacet
	facet normal -0.06236 -0.63316 0.77151
		outer loop
			vertex 0.00000 13.09682 0.00000
			vertex 2.55506 12.84517 0.00000
			vertex 2.75899 13.87040 0.85786
		endloop
	endfacet
	facet normal -0.06236 -0.63316 0.77151
		outer loop
			vertex 0.00000 13.09682 0.00000
			vertex 2.75899 13.87040 0.85786
			vertex -0.00000 14.14214 0.85786
		endloop
	endfacet
	facet normal -0.06236 -0.63316 -0.77151
		outer loop
			vertex 0.00000 13.09682 30.00000
			vertex -0.00000 14.14214 29.14214
			vertex 2.75899 13.87040 29.14214
		endloop
	endfacet
	facet normal -0.06236 -0.63316 -0.77151
		outer loop
			vertex 0.00000 13.09682 30.00000
			vertex 2.75899 13.87040 29.14214
			vertex 2.55506 12.84517 30.00000
		endloop
	endfacet
	facet normal -0.22483 -0.74116 0.63256
		outer loop
			vertex 2.98369 15.00000 2.26125
			vertex 2.75899 13.87040 0.85786
			vertex 5.41196 13.06563 0.85786
		endloop
	endfacet
	facet normal -0.22483 -0.74116 0.63256
		outer loop
			vertex 2.98369 15.00000 2.26125
			vertex 5.41196 13.06563 0.85786
			vertex 6.21320 15.00000 3.40910
		endloop
	endfacet
	facet normal -0.22483 -0.74116 -0.63256
		outer loop
			vertex 2.98369 15.00000 27.73875
			vertex 6.21320 15.00000 26.59090
			vertex 5.41196 13.06563 29.14214
		endloop
	endfacet
	facet normal -0.22483 -0.74116 -0.63256
		outer loop
			vertex 2.98369 15.00000 27.73875
			vertex 5.41196 13.06563 29.14214
			vertex 2.75899 13.87040 29.14214
		endloop
	endfacet
	facet normal -0.18469 -0.60883 0.77151
		outer loop
			vertex 2.55506 12.84517 0.00000
			vertex 5.01194 12.09989 0.00000
			vertex 5.41196 13.06563 0.85786
		endloop
	endfacet
	facet normal -0.18469 -0.60883 0.77151
		outer loop
			vertex 2.55506 12.84517 0.00000
			vertex 5.41196 13.06563 0.85786
			vertex 2.75899 13.87040 0.85786
		endloop
	endfacet
	facet normal -0.18469 -0.60883 -0.77151
		outer loop
			vertex 2.55506 12.84517 30.00000
			vertex 2.75899 13.87040 29.14214
			vertex 5.41196 13.06563 29.14214
		endloop
	endfacet
	facet normal -0.18469 -0.60883 -0.77151
		outer loop
			vertex 2.55506 12.84517 30.00000
			vertex 5.41196 13.06563 29.14214
			vertex 5.01194 12.09989 30.00000
		endloop
	endfacet
	facet normal -0.41618 -0.77862 0.46963
		outer loop
			vertex 7.04396 15.00000 3.88860
			vertex 9.23880 13.82683 3.88860
			vertex 10.02268 15.00000 6.52831
		endloop
	endfacet
	facet normal -0.41618 -0.77862 -0.46963
		outer loop
			vertex 10.02268 15.00000 23.47169
			vertex 9.23880 13.82683 26.11140
			vertex 7.04396 15.00000 26.11140
		endloop
	endfacet
	facet normal -0.36510 -0.68306 0.63256
		outer loop
			vertex 6.21320 15.00000 3.40910
			vertex 5.41196 13.06563 0.85786
			vertex 7.85695 11.75876 0.85786
		endloop
	endfacet
	facet normal -0.36510 -0.68306 0.63256
		outer loop
			vertex 6.21320 15.00000 3.40910
			vertex 7.85695 11.75876 0.85786
			vertex 9.23880 13.82683 3.88860
		endloop
	endfacet
	facet normal -0.36510 -0.68306 0.63256
		outer loop
			vertex 6.21320 15.00000 3.40910
			vertex 9.23880 13.82683 3.88860
			vertex 7.04396 15.00000 3.88860
		endloop
	endfacet
	facet normal -0.36510 -0.68306 -0.63256
		outer loop
			vertex 6.21320 15.00000 26.59090
			vertex 7.04396 15.00000 26.11140
			vertex 9.23880 13.82683 26.11140
		endloop
	endfacet
	facet normal -0.36510 -0.68306 -0.63256
		outer loop
			vertex 6.21320 15.00000 26.59090
			vertex 9.23880 13.82683 26.11140
			vertex 7.85695 11.75876 29.14214
		endloop
	endfacet
	facet normal -0.36510 -0.68306 -0.63256
		outer loop
			vertex 6.21320 15.00000 26.59090
			vertex 7.85695 11.75876 29.14214
			vertex 5.41196 13.06563 29.14214
		endloop
	endfacet
	facet normal -0.29991 -0.56110 0.77151
		outer loop
			vertex 5.01194 12.09989 0.00000
			vertex 7.27621 10.88961 0.00000
			vertex 7.85695 11.75876 0.85786
		endloop
	endfacet
	facet normal -0.29991 -0.56110 0.77151
		outer loop
			vertex 5.01194 12.09989 0.00000
			vertex 7.85695 11.75876 0.85786
			vertex 5.41196 13.06563 0.85786
		endloop
	endfacet
	facet normal -0.29991 -0.56110 -0.77151
		outer loop
			vertex 5.01194 12.09989 30.00000
			vertex 5.41196 13.06563 29.14214
			vertex 7.85695 11.75876 29.14214
		endloop
	endfacet
	facet normal -0.29991 -0.56110 -0.77151
		outer loop
			vertex 5.01194 12.09989 30.00000
			vertex 7.85695 11.75876 29.14214
			vertex 7.27621 10.88961 30.00000
		endloop
	endfacet
	facet normal -0.63137 -0.76932 0.09755
		outer loop
			vertex 12.49397 15.00000 11.09819
			vertex 13.87040 13.87040 11.09819
			vertex 14.14214 14.14214 15.00000
		endloop
	endfacet
	facet normal -0.63137 -0.76932 0.09755
		outer loop
			vertex 12.49397 15.00000 11.09819
			vertex 14.14214 14.14214 15.00000
			vertex 13.09682 15.00000 15.00000
		endloop
	endfacet
	facet normal -0.63137 -0.76932 -0.09755
		outer loop
			vertex 13.09682 15.00000 15.00000
			vertex 14.14214 14.14214 15.00000
			vertex 13.87040 13.87040 18.90181
		endloop
	endfacet
	facet normal -0.63137 -0.76932 -0.09755
		outer loop
			vertex 13.09682 15.00000 15.00000
			vertex 13.87040 13.87040 18.90181
			vertex 12.49397 15.00000 18.90181
		endloop
	endfacet
	facet normal -0.60732 -0.74002 0.28900
		outer loop
			vertex 10.70859 15.00000 7.34633
			vertex 13.06563 13.06563 7.34633
			vertex 13.87040 13.87040 11.09819
		endloop
	endfacet
	facet normal -0.60732 -0.74002 0.28900
		outer loop
			vertex 10.70859 15.00000 7.34633
			vertex 13.87040 13.87040 11.09819
			vertex 12.49397 15.00000 11.09819
		endloop
	endfacet
	facet normal -0.60732 -0.74002 -0.28900
		outer loop
			vertex 12.49397 15.00000 18.90181
			vertex 13.87040 13.87040 18.90181
			vertex 13.06563 13.06563 22.65367
		endloop
	endfacet
	facet normal -0.60732 -0.74002 -0.28900
		outer loop
			vertex 12.49397 15.00000 18.90181
			vertex 13.06563 13.06563 22.65367
			vertex 10.70859 15.00000 22.65367
		endloop
	endfacet
	facet normal -0.56008 -0.68246 0.46963
		outer loop
			vertex 10.02268 15.00000 6.52831
			vertex 9.23880 13.82683 3.88860
			vertex 11.75876 11.75876 3.88860
		endloop
	endfacet
	facet normal -0.56008 -0.68246 0.46963
		outer loop
			vertex 10.02268 15.00000 6.52831
			vertex 11.75876 11.75876 3.88860
			vertex 13.06563 13.06563 7.34633
		endloop
	endfacet
	facet normal -0.56008 -0.68246 0.46963
		outer loop
			vertex 10.02268 15.00000 6.52831
			vertex 13.06563 13.06563 7.34633
			vertex 10.70859 15.00000 7.34633
		endloop
	endfacet
	facet normal -0.56008 -0.68246 -0.46963
		outer loop
			vertex 10.02268 15.00000 23.47169
			vertex 10.70859 15.00000 22.65367
			vertex 13.06563 13.06563 22.65367
		endloop
	endfacet
	facet normal -0.56008 -0.68246 -0.46963
		outer loop
			vertex 10.02268 15.00000 23.47169
			vertex 13.06563 13.06563 22.65367
			vertex 11.75876 11.75876 26.11140
		endloop
	endfacet
	facet normal -0.56008 -0.68246 -0.46963
		outer loop
			vertex 10.02268 15.00000 23.47169
			vertex 11.75876 11.75876 26.11140
			vertex 9.23880 13.82683 26.11140
		endloop
	endfacet
	facet normal -0.49134 -0.59870 0.63256
		outer loop
			vertex 7.85695 11.75876 0.85786
			vertex 10.00000 10.00000 0.85786
			vertex 11.75876 11.75876 3.88860
		endloop
	endfacet
	facet normal -0.49134 -0.59870 0.63256
		outer loop
			vertex 7.85695 11.75876 0.85786
			vertex 11.75876 11.75876 3.88860
			vertex 9.23880 13.82683 3.88860
		endloop
	endfacet
	facet normal -0.49134 -0.59870 -0.63256
		outer loop
			vertex 9.23880 13.82683 26.11140
			vertex 11.75876 11.75876 26.11140
			vertex 10.00000 10.00000 29.14214
		endloop
	endfacet
	facet normal -0.49134 -0.59870 -0.63256
		outer loop
			vertex 9.23880 13.82683 26.11140
			vertex 10.00000 10.00000 29.14214
			vertex 7.85695 11.75876 29.14214
		endloop
	endfacet
	facet normal -0.40362 -0.49181 0.77151
		outer loop
			vertex 7.27621 10.88961 0.00000
			vertex 9.26085 9.26085 0.00000
			vertex 10.00000 10.00000 0.85786
		endloop
	endfacet
	facet normal -0.40362 -0.49181 0.77151
		outer loop
			vertex 7.27621 10.88961 0.00000
			vertex 10.00000 10.00000 0.85786
			vertex 7.85695 11.75876 0.85786
		endloop
	endfacet
	facet normal -0.40362 -0.49181 -0.77151
		outer loop
			vertex 7.27621 10.88961 30.00000
			vertex 7.85695 11.75876 29.14214
			vertex 10.00000 10.00000 29.14214
		endloop
	endfacet
	facet normal -0.40362 -0.49181 -0.77151
		outer loop
			vertex 7.27621 10.88961 30.00000
			vertex 10.00000 10.00000 29.14214
			vertex 9.26085 9.26085 30.00000
		endloop
	endfacet
	facet normal -0.76932 -0.63137 0.09755
		outer loop
			vertex 13.87040 13.87040 11.09819
			vertex 15.00000 12.49397 11.09819
			vertex 15.00000 13.09682 15.00000
		endloop
	endfacet
	facet normal -0.76932 -0.63137 0.09755
		outer loop
			vertex 13.87040 13.87040 11.09819
			vertex 15.00000 13.09682 15.00000
			vertex 14.14214 14.14214 15.00000
		endloop
	endfacet
	facet normal -0.76932 -0.63137 -0.09755
		outer loop
			vertex 14.14214 14.14214 15.00000
			vertex 15.00000 13.09682 15.00000
			vertex 15.00000 12.49397 18.90181
		endloop
	endfacet
	facet normal -0.76932 -0.63137 -0.09755
		outer loop
			vertex 14.14214 14.14214 15.00000
			vertex 15.00000 12.49397 18.90181
			vertex 13.87040 13.87040 18.90181
		endloop
	endfacet
	facet normal -0.74002 -0.60732 0.28900
		outer loop
			vertex 13.06563 13.06563 7.34633
			vertex 15.00000 10.70859 7.34633
			vertex 15.00000 12.49397 11.09819
		endloop
	endfacet
	facet normal -0.74002 -0.60732 0.28900
		outer loop
			vertex 13.06563 13.06563 7.34633
			vertex 15.00000 12.49397 11.09819
			vertex 13.87040 13.87040 11.09819
		endloop
	endfacet
	facet normal -0.74002 -0.60732 -0.28900
		outer loop
			vertex 13.87040 13.87040 18.90181
			vertex 15.00000 12.49397 18.90181
			vertex 15.00000 10.70859 22.65367
		endloop
	endfacet
	facet normal -0.74002 -0.60732 -0.28900
		outer loop
			vertex 13.87040 13.87040 18.90181
			vertex 15.00000 10.70859 22.65367
			vertex 13.06563 13.06563 22.65367
		endloop
	endfacet
	facet normal -0.68246 -0.56008 0.46963
		outer loop
			vertex 11.75876 11.75876 3.88860
			vertex 13.82683 9.23880 3.88860
			vertex 15.00000 10.02268 6.52831
		endloop
	endfacet
	facet normal -0.68246 -0.56008 0.46963
		outer loop
			vertex 11.75876 11.75876 3.88860
			vertex 15.00000 10.02268 6.52831
			vertex 15.00000 10.70859 7.34633
		endloop
	endfacet
	facet normal -0.68246 -0.56008 0.46963
		outer loop
			vertex 11.75876 11.75876 3.88860
			vertex 15.00000 10.70859 7.34633
			vertex 13.06563 13.06563 7.34633
		endloop
	endfacet
	facet normal -0.68246 -0.56008 -0.46963
		outer loop
			vertex 13.06563 13.06563 22.65367
			vertex 15.00000 10.70859 22.65367
			vertex 15.00000 10.02268 23.47169
		endloop
	endfacet
	facet normal -0.68246 -0.56008 -0.46963
		outer loop
			vertex 13.06563 13.06563 22.65367
			vertex 15.00000 10.02268 23.47169
			vertex 13.82683 9.23880 26.11140
		endloop
	endfacet
	facet normal -0.68246 -0.56008 -0.46963
		outer loop
			vertex 13.06563 13.06563 22.65367
			vertex 13.82683 9.23880 26.11140
			vertex 11.75876 11.75876 26.11140
		endloop
	endfacet
	facet normal -0.59870 -0.49134 0.63256
		outer loop
			vertex 10.00000 10.00000 0.85786
			vertex 11.75876 7.85695 0.85786
			vertex 13.82683 9.23880 3.88860
		endloop
	endfacet
	facet normal -0.59870 -0.49134 0.63256
		outer loop
			vertex 10.00000 10.00000 0.85786
			vertex 13.82683 9.23880 3.88860
			vertex 11.75876 11.75876 3.88860
		endloop
	endfacet
	facet normal -0.59870 -0.49134 -0.63256
		outer loop
			vertex 11.75876 11.75876 26.11140
			vertex 13.82683 9.23880 26.11140
			vertex 11.75876 7.85695 29.14214
		endloop
	endfacet
	facet normal -0.59870 -0.49134 -0.63256
		outer loop
			vertex 11.75876 11.75876 26.11140
			vertex 11.75876 7.85695 29.14214
			vertex 10.00000 10.00000 29.14214
		endloop
	endfacet
	facet normal -0.49181 -0.40362 0.77151
		outer loop
			vertex 9.26085 9.26085 0.00000
			vertex 10.88961 7.27621 0.00000
			vertex 11.75876 7.85695 0.85786
		endloop
	endfacet
	facet normal -0.49181 -0.40362 0.77151
		outer loop
			vertex 9.26085 9.26085 0.00000
			vertex 11.75876 7.85695 0.85786
			vertex 10.00000 10.00000 0.85786
		endloop
	endfacet
	facet normal -0.49181 -0.40362 -0.77151
		outer loop
			vertex 9.26085 9.26085 30.00000
			vertex 10.00000 10.00000 29.14214
			vertex 11.75876 7.85695 29.14214
		endloop
	endfacet
	facet normal -0.49181 -0.40362 -0.77151
		outer loop
			vertex 9.26085 9.26085 30.00000
			vertex 11.75876 7.85695 29.14214
			vertex 10.88961 7.27621 30.00000
		endloop
	endfacet
	facet normal -0.77862 -0.41618 0.46963
		outer loop
			vertex 15.00000 10.02268 6.52831
			vertex 13.82683 9.23880 3.88860
			vertex 15.00000 7.04396 3.88860
		endloop
	endfacet
	facet normal -0.77862 -0.41618 -0.46963
		outer loop
			vertex 15.00000 10.02268 23.47169
			vertex 15.00000 7.04396 26.11140
			vertex 13.82683 9.23880 26.11140
		endloop
	endfacet
	facet normal -0.68306 -0.36510 0.63256
		outer loop
			vertex 11.75876 7.85695 0.85786
			vertex 13.06563 5.41196 0.85786
			vertex 15.00000 6.21320 3.40910
		endloop
	endfacet
	facet normal -0.68306 -0.36510 0.63256
		outer loop
			vertex 11.75876 7.85695 0.85786
			vertex 15.00000 6.21320 3.40910
			vertex 15.00000 7.04396 3.88860
		endloop
	endfacet
	facet normal -0.68306 -0.36510 0.63256
		outer loop
			vertex 11.75876 7.85695 0.85786
			vertex 15.00000 7.04396 3.88860
			vertex 13.82683 9.23880 3.88860
		endloop
	endfacet
	facet normal -0.68306 -0.36510 -0.63256
		outer loop
			vertex 13.82683 9.23880 26.11140
			vertex 15.00000 7.04396 26.11140
			vertex 15.00000 6.21320 26.59090
		endloop
	endfacet
	facet normal -0.68306 -0.36510 -0.63256
		outer loop
			vertex 13.82683 9.23880 26.11140
			vertex 15.00000 6.21320 26.59090
			vertex 13.06563 5.41196 29.14214
		endloop
	endfacet
	facet normal -0.68306 -0.36510 -0.63256
		outer loop
			vertex 13.82683 9.23880 26.11140
			vertex 13.06563 5.41196 29.14214
			vertex 11.75876 7.85695 29.14214
		endloop
	endfacet
	facet normal -0.56110 -0.29991 0.77151
		outer loop
			vertex 10.88961 7.27621 0.00000
			vertex 12.09989 5.01194 0.00000
			vertex 13.06563 5.41196 0.85786
		endloop
	endfacet
	facet normal -0.56110 -0.29991 0.77151
		outer loop
			vertex 10.88961 7.27621 0.00000
			vertex 13.06563 5.41196 0.85786
			vertex 11.75876 7.85695 0.85786
		endloop
	endfacet
	facet normal -0.56110 -0.29991 -0.77151
		outer loop
			vertex 10.88961 7.27621 30.00000
			vertex 11.75876 7.85695 29.14214
			vertex 13.06563 5.41196 29.14214
		endloop
	endfacet
	facet normal -0.56110 -0.29991 -0.77151
		outer loop
			vertex 10.88961 7.27621 30.00000
			vertex 13.06563 5.41196 29.14214
			vertex 12.09989 5.01194 30.00000
		endloop
	endfacet
	facet normal -0.74116 -0.22483 0.63256
		outer loop
			vertex 15.00000 6.21320 3.40910
			vertex 13.06563 5.41196 0.85786
			vertex 13.87040 2.75899 0.85786
		endloop
	endfacet
	facet normal -0.74116 -0.22483 0.63256
		outer loop
			vertex 15.00000 6.21320 3.40910
			vertex 13.87040 2.75899 0.85786
			vertex 15.00000 2.98369 2.26125
		endloop
	endfacet
	facet normal -0.74116 -0.22483 -0.63256
		outer loop
			vertex 15.00000 6.21320 26.59090
			vertex 15.00000 2.98369 27.73875
			vertex 13.87040 2.75899 29.14214
		endloop
	endfacet
	facet normal -0.74116 -0.22483 -0.63256
		outer loop
			vertex 15.00000 6.21320 26.59090
			vertex 13.87040 2.75899 29.14214
			vertex 13.06563 5.41196 29.14214
		endloop
	endfacet
	facet normal -0.60883 -0.18469 0.77151
		outer loop
			vertex 12.09989 5.01194 0.00000
			vertex 12.84517 2.55506 0.00000
			vertex 13.87040 2.75899 0.85786
		endloop
	endfacet
	facet normal -0.60883 -0.18469 0.77151
		outer loop
			vertex 12.09989 5.01194 0.00000
			vertex 13.87040 2.75899 0.85786
			vertex 13.06563 5.41196 0.85786
		endloop
	endfacet
	facet normal -0.60883 -0.18469 -0.77151
		outer loop
			vertex 12.09989 5.01194 30.00000
			vertex 13.06563 5.41196 29.14214
			vertex 13.87040 2.75899 29.14214
		endloop
	endfacet
	facet normal -0.60883 -0.18469 -0.77151
		outer loop
			vertex 12.09989 5.01194 30.00000
			vertex 13.87040 2.75899 29.14214
			vertex 12.84517 2.55506 30.00000
		endloop
	endfacet
	facet normal -0.77078 -0.07592 0.63256
		outer loop
			vertex 15.00000 2.98369 2.26125
			vertex 13.87040 2.75899 0.85786
			vertex 14.14214 0.00000 0.85786
		endloop
	endfacet
	facet normal -0.77078 -0.07592 0.63256
		outer loop
			vertex 15.00000 2.98369 2.26125
			vertex 14.14214 0.00000 0.85786
			vertex 15.00000 -0.00000 1.90318
		endloop
	endfacet
	facet normal -0.77078 -0.07592 -0.63256
		outer loop
			vertex 15.00000 2.98369 27.73875
			vertex 15.00000 0.00000 28.09682
			vertex 14.14214 0.00000 29.14214
		endloop
	endfacet
	facet normal -0.77078 -0.07592 -0.63256
		outer loop
			vertex 15.00000 2.98369 27.73875
			vertex 14.14214 0.00000 29.14214
			vertex 13.87040 2.75899 29.14214
		endloop
	endfacet
	facet normal -0.63316 -0.06236 0.77151
		outer loop
			vertex 12.84517 2.55506 0.00000
			vertex 13.09682 0.00000 0.00000
			vertex 14.14214 0.00000 0.85786
		endloop
	endfacet
	facet normal -0.63316 -0.06236 0.77151
		outer loop
			vertex 12.84517 2.55506 0.00000
			vertex 14.14214 0.00000 0.85786
			vertex 13.87040 2.75899 0.85786
		endloop
	endfacet
	facet normal -0.63316 -0.06236 -0.77151
		outer loop
			vertex 12.84517 2.55506 30.00000
			vertex 13.87040 2.75899 29.14214
			vertex 14.14214 0.00000 29.14214
		endloop
	endfacet
	facet normal -0.63316 -0.06236 -0.77151
		outer loop
			vertex 12.84517 2.55506 30.00000
			vertex 14.14214 0.00000 29.14214
			vertex 13.09682 0.00000 30.00000
		endloop
	endfacet
	facet normal 0.77078 -0.07592 -0.63256
		outer loop
			vertex 10.50000 0.00000 7.40094
			vertex 10.50000 -2.08858 7.65160
			vertex 9.01576 -1.79335 5.80761
		endloop
	endfacet
	facet normal 0.77078 -0.07592 -0.63256
		outer loop
			vertex 10.50000 0.00000 7.40094
			vertex 9.01576 -1.79335 5.80761
			vertex 9.19239 0.00000 5.80761
		endloop
	endfacet
	facet normal 0.77078 -0.07592 0.63256
		outer loop
			vertex 10.50000 0.00000 22.59906
			vertex 9.19239 0.00000 24.19239
			vertex 9.01576 -1.79335 24.19239
		endloop
	endfacet
	facet normal 0.77078 -0.07592 0.63256
		outer loop
			vertex 10.50000 0.00000 22.59906
			vertex 9.01576 -1.79335 24.19239
			vertex 10.50000 -2.08858 22.34840
		endloop
	endfacet
	facet normal 0.63316 -0.06236 -0.77151
		outer loop
			vertex 7.59906 0.00000 4.50000
			vertex 9.19239 0.00000 5.80761
			vertex 9.01576 -1.79335 5.80761
		endloop
	endfacet
	facet normal 0.63316 -0.06236 -0.77151
		outer loop
			vertex 7.59906 0.00000 4.50000
			vertex 9.01576 -1.79335 5.80761
			vertex 7.45304 -1.48250 4.50000
		endloop
	endfacet
	facet normal 0.63316 -0.06236 0.77151
		outer loop
			vertex 7.59906 0.00000 25.50000
			vertex 7.45304 -1.48250 25.50000
			vertex 9.01576 -1.79335 24.19239
		endloop
	endfacet
	facet normal 0.63316 -0.06236 0.77151
		outer loop
			vertex 7.59906 0.00000 25.50000
			vertex 9.01576 -1.79335 24.19239
			vertex 9.19239 0.00000 24.19239
		endloop
	endfacet
	facet normal 0.84485 -0.25628 -0.46963
		outer loop
			vertex 10.50000 -4.34924 8.81781
			vertex 9.98631 -4.13647 7.77759
			vertex 10.50000 -2.44306 7.77759
		endloop
	endfacet
	facet normal 0.84485 -0.25628 0.46963
		outer loop
			vertex 10.50000 -2.44306 22.22241
			vertex 9.98631 -4.13647 22.22241
			vertex 10.50000 -4.34924 21.18219
		endloop
	endfacet
	facet normal 0.74116 -0.22483 -0.63256
		outer loop
			vertex 10.50000 -2.08858 7.65160
			vertex 10.50000 -2.44306 7.77759
			vertex 9.98631 -4.13647 7.77759
		endloop
	endfacet
	facet normal 0.74116 -0.22483 -0.63256
		outer loop
			vertex 10.50000 -2.08858 7.65160
			vertex 9.98631 -4.13647 7.77759
			vertex 8.49266 -3.51777 5.80761
		endloop
	endfacet
	facet normal 0.74116 -0.22483 -0.63256
		outer loop
			vertex 10.50000 -2.08858 7.65160
			vertex 8.49266 -3.51777 5.80761
			vertex 9.01576 -1.79335 5.80761
		endloop
	endfacet
	facet normal 0.74116 -0.22483 0.63256
		outer loop
			vertex 10.50000 -2.08858 22.34840
			vertex 9.01576 -1.79335 24.19239
			vertex 8.49266 -3.51777 24.19239
		endloop
	endfacet
	facet normal 0.74116 -0.22483 0.63256
		outer loop
			vertex 10.50000 -2.08858 22.34840
			vertex 8.49266 -3.51777 24.19239
			vertex 9.98631 -4.13647 22.22241
		endloop
	endfacet
	facet normal 0.74116 -0.22483 0.63256
		outer loop
			vertex 10.50000 -2.08858 22.34840
			vertex 9.98631 -4.13647 22.22241
			vertex 10.50000 -2.44306 22.22241
		endloop
	endfacet
	facet normal 0.60883 -0.18469 -0.77151
		outer loop
			vertex 7.45304 -1.48250 4.50000
			vertex 9.01576 -1.79335 5.80761
			vertex 8.49266 -3.51777 5.80761
		endloop
	endfacet
	facet normal 0.60883 -0.18469 -0.77151
		outer loop
			vertex 7.45304 -1.48250 4.50000
			vertex 8.49266 -3.51777 5.80761
			vertex 7.02061 -2.90803 4.50000
		endloop
	endfacet
	facet normal 0.60883 -0.18469 0.77151
		outer loop
			vertex 7.45304 -1.48250 25.50000
			vertex 7.02061 -2.90803 25.50000
			vertex 8.49266 -3.51777 24.19239
		endloop
	endfacet
	facet normal 0.60883 -0.18469 0.77151
		outer loop
			vertex 7.45304 -1.48250 25.50000
			vertex 8.49266 -3.51777 24.19239
			vertex 9.01576 -1.79335 24.19239
		endloop
	endfacet
	facet normal 0.84429 -0.45128 -0.28900
		outer loop
			vertex 10.50000 -7.01588 12.06176
			vertex 9.98631 -6.67264 10.02512
			vertex 10.50000 -5.71159 10.02512
		endloop
	endfacet
	facet normal 0.84429 -0.45128 0.28900
		outer loop
			vertex 10.50000 -5.71159 19.97488
			vertex 9.98631 -6.67264 19.97488
			vertex 10.50000 -7.01588 17.93824
		endloop
	endfacet
	facet normal 0.77862 -0.41618 -0.46963
		outer loop
			vertex 10.50000 -4.34924 8.81781
			vertex 10.50000 -5.71159 10.02512
			vertex 9.98631 -6.67264 10.02512
		endloop
	endfacet
	facet normal 0.77862 -0.41618 -0.46963
		outer loop
			vertex 10.50000 -4.34924 8.81781
			vertex 9.98631 -6.67264 10.02512
			vertex 8.98744 -6.00522 7.77759
		endloop
	endfacet
	facet normal 0.77862 -0.41618 -0.46963
		outer loop
			vertex 10.50000 -4.34924 8.81781
			vertex 8.98744 -6.00522 7.77759
			vertex 9.98631 -4.13647 7.77759
		endloop
	endfacet
	facet normal 0.77862 -0.41618 0.46963
		outer loop
			vertex 10.50000 -4.34924 21.18219
			vertex 9.98631 -4.13647 22.22241
			vertex 8.98744 -6.00522 22.22241
		endloop
	endfacet
	facet normal 0.77862 -0.41618 0.46963
		outer loop
			vertex 10.50000 -4.34924 21.18219
			vertex 8.98744 -6.00522 22.22241
			vertex 9.98631 -6.67264 19.97488
		endloop
	endfacet
	facet normal 0.77862 -0.41618 0.46963
		outer loop
			vertex 10.50000 -4.34924 21.18219
			vertex 9.98631 -6.67264 19.97488
			vertex 10.50000 -5.71159 19.97488
		endloop
	endfacet
	facet normal 0.68306 -0.36510 -0.63256
		outer loop
			vertex 9.98631 -4.13647 7.77759
			vertex 8.98744 -6.00522 7.77759
			vertex 7.64319 -5.10702 5.80761
		endloop
	endfacet
	facet normal 0.68306 -0.36510 -0.63256
		outer loop
			vertex 9.98631 -4.13647 7.77759
			vertex 7.64319 -5.10702 5.80761
			vertex 8.49266 -3.51777 5.80761
		endloop
	endfacet
	facet normal 0.68306 -0.36510 0.63256
		outer loop
			vertex 8.49266 -3.51777 24.19239
			vertex 7.64319 -5.10702 24.19239
			vertex 8.98744 -6.00522 22.22241
		endloop
	endfacet
	facet normal 0.68306 -0.36510 0.63256
		outer loop
			vertex 8.49266 -3.51777 24.19239
			vertex 8.98744 -6.00522 22.22241
			vertex 9.98631 -4.13647 22.22241
		endloop
	endfacet
	facet normal 0.56110 -0.29991 -0.77151
		outer loop
			vertex 7.02061 -2.90803 4.50000
			vertex 8.49266 -3.51777 5.80761
			vertex 7.64319 -5.10702 5.80761
		endloop
	endfacet
	facet normal 0.56110 -0.29991 -0.77151
		outer loop
			vertex 7.02061 -2.90803 4.50000
			vertex 7.64319 -5.10702 5.80761
			vertex 6.31839 -4.22181 4.50000
		endloop
	endfacet
	facet normal 0.56110 -0.29991 0.77151
		outer loop
			vertex 7.02061 -2.90803 25.50000
			vertex 6.31839 -4.22181 25.50000
			vertex 7.64319 -5.10702 24.19239
		endloop
	endfacet
	facet normal 0.56110 -0.29991 0.77151
		outer loop
			vertex 7.02061 -2.90803 25.50000
			vertex 7.64319 -5.10702 24.19239
			vertex 8.49266 -3.51777 24.19239
		endloop
	endfacet
	facet normal 0.76932 -0.63137 -0.09755
		outer loop
			vertex 10.50000 -7.59906 15.00000
			vertex 9.19239 -9.19239 15.00000
			vertex 9.01576 -9.01576 12.46383
		endloop
	endfacet
	facet normal 0.76932 -0.63137 -0.09755
		outer loop
			vertex 10.50000 -7.59906 15.00000
			vertex 9.01576 -9.01576 12.46383
			vertex 10.50000 -7.20721 12.46383
		endloop
	endfacet
	facet normal 0.76932 -0.63137 0.09755
		outer loop
			vertex 10.50000 -7.20721 17.53617
			vertex 9.01576 -9.01576 17.53617
			vertex 9.19239 -9.19239 15.00000
		endloop
	endfacet
	facet normal 0.76932 -0.63137 0.09755
		outer loop
			vertex 10.50000 -7.20721 17.53617
			vertex 9.19239 -9.19239 15.00000
			vertex 10.50000 -7.59906 15.00000
		endloop
	endfacet
	facet normal 0.74002 -0.60732 -0.28900
		outer loop
			vertex 10.50000 -7.01588 12.06176
			vertex 10.50000 -7.20721 12.46383
			vertex 9.01576 -9.01576 12.46383
		endloop
	endfacet
	facet normal 0.74002 -0.60732 -0.28900
		outer loop
			vertex 10.50000 -7.01588 12.06176
			vertex 9.01576 -9.01576 12.46383
			vertex 8.49266 -8.49266 10.02512
		endloop
	endfacet
	facet normal 0.74002 -0.60732 -0.28900
		outer loop
			vertex 10.50000 -7.01588 12.06176
			vertex 8.49266 -8.49266 10.02512
			vertex 9.98631 -6.67264 10.02512
		endloop
	endfacet
	facet normal 0.74002 -0.60732 0.28900
		outer loop
			vertex 10.50000 -7.01588 17.93824
			vertex 9.98631 -6.67264 19.97488
			vertex 8.49266 -8.49266 19.97488
		endloop
	endfacet
	facet normal 0.74002 -0.60732 0.28900
		outer loop
			vertex 10.50000 -7.01588 17.93824
			vertex 8.49266 -8.49266 19.97488
			vertex 9.01576 -9.01576 17.53617
		endloop
	endfacet
	facet normal 0.74002 -0.60732 0.28900
		outer loop
			vertex 10.50000 -7.01588 17.93824
			vertex 9.01576 -9.01576 17.53617
			vertex 10.50000 -7.20721 17.53617
		endloop
	endfacet
	facet normal 0.68246 -0.56008 -0.46963
		outer loop
			vertex 9.98631 -6.67264 10.02512
			vertex 8.49266 -8.49266 10.02512
			vertex 7.64319 -7.64319 7.77759
		endloop
	endfacet
	facet normal 0.68246 -0.56008 -0.46963
		outer loop
			vertex 9.98631 -6.67264 10.02512
			vertex 7.64319 -7.64319 7.77759
			vertex 8.98744 -6.00522 7.77759
		endloop
	endfacet
	facet normal 0.68246 -0.56008 0.46963
		outer loop
			vertex 8.98744 -6.00522 22.22241
			vertex 7.64319 -7.64319 22.22241
			vertex 8.49266 -8.49266 19.97488
		endloop
	endfacet
	facet normal 0.68246 -0.56008 0.46963
		outer loop
			vertex 8.98744 -6.00522 22.22241
			vertex 8.49266 -8.49266 19.97488
			vertex 9.98631 -6.67264 19.97488
		endloop
	endfacet
	facet normal 0.59870 -0.49134 -0.63256
		outer loop
			vertex 8.98744 -6.00522 7.77759
			vertex 7.64319 -7.64319 7.77759
			vertex 6.50000 -6.50000 5.80761
		endloop
	endfacet
	facet normal 0.59870 -0.49134 -0.63256
		outer loop
			vertex 8.98744 -6.00522 7.77759
			vertex 6.50000 -6.50000 5.80761
			vertex 7.64319 -5.10702 5.80761
		endloop
	endfacet
	facet normal 0.59870 -0.49134 0.63256
		outer loop
			vertex 7.64319 -5.10702 24.19239
			vertex 6.50000 -6.50000 24.19239
			vertex 7.64319 -7.64319 22.22241
		endloop
	endfacet
	facet normal 0.59870 -0.49134 0.63256
		outer loop
			vertex 7.64319 -5.10702 24.19239
			vertex 7.64319 -7.64319 22.22241
			vertex 8.98744 -6.00522 22.22241
		endloop
	endfacet
	facet normal 0.49181 -0.40362 -0.77151
		outer loop
			vertex 6.31839 -4.22181 4.50000
			vertex 7.64319 -5.10702 5.80761
			vertex 6.50000 -6.50000 5.80761
		endloop
	endfacet
	facet normal 0.49181 -0.40362 -0.77151
		outer loop
			vertex 6.31839 -4.22181 4.50000
			vertex 6.50000 -6.50000 5.80761
			vertex 5.37335 -5.37335 4.50000
		endloop
	endfacet
	facet normal 0.49181 -0.40362 0.77151
		outer loop
			vertex 6.31839 -4.22181 25.50000
			vertex 5.37335 -5.37335 25.50000
			vertex 6.50000 -6.50000 24.19239
		endloop
	endfacet
	facet normal 0.49181 -0.40362 0.77151
		outer loop
			vertex 6.31839 -4.22181 25.50000
			vertex 6.50000 -6.50000 24.19239
			vertex 7.64319 -5.10702 24.19239
		endloop
	endfacet
	facet normal 0.63137 -0.76932 -0.09755
		outer loop
			vertex 9.19239 -9.19239 15.00000
			vertex 7.59906 -10.50000 15.00000
			vertex 7.20721 -10.50000 12.46383
		endloop
	endfacet
	facet normal 0.63137 -0.76932 -0.09755
		outer loop
			vertex 9.19239 -9.19239 15.00000
			vertex 7.20721 -10.50000 12.46383
			vertex 9.01576 -9.01576 12.46383
		endloop
	endfacet
	facet normal 0.63137 -0.76932 0.09755
		outer loop
			vertex 9.01576 -9.01576 17.53617
			vertex 7.20721 -10.50000 17.53617
			vertex 7.59906 -10.50000 15.00000
		endloop
	endfacet
	facet normal 0.63137 -0.76932 0.09755
		outer loop
			vertex 9.01576 -9.01576 17.53617
			vertex 7.59906 -10.50000 15.00000
			vertex 9.19239 -9.19239 15.00000
		endloop
	endfacet
	facet normal 0.60732 -0.74002 -0.28900
		outer loop
			vertex 9.01576 -9.01576 12.46383
			vertex 7.20721 -10.50000 12.46383
			vertex 7.01588 -10.50000 12.06176
		endloop
	endfacet
	facet normal 0.60732 -0.74002 -0.28900
		outer loop
			vertex 9.01576 -9.01576 12.46383
			vertex 7.01588 -10.50000 12.06176
			vertex 6.67264 -9.98631 10.02512
		endloop
	endfacet
	facet normal 0.60732 -0.74002 -0.28900
		outer loop
			vertex 9.01576 -9.01576 12.46383
			vertex 6.67264 -9.98631 10.02512
			vertex 8.49266 -8.49266 10.02512
		endloop
	endfacet
	facet normal 0.60732 -0.74002 0.28900
		outer loop
			vertex 8.49266 -8.49266 19.97488
			vertex 6.67264 -9.98631 19.97488
			vertex 7.01588 -10.50000 17.93824
		endloop
	endfacet
	facet normal 0.60732 -0.74002 0.28900
		outer loop
			vertex 8.49266 -8.49266 19.97488
			vertex 7.01588 -10.50000 17.93824
			vertex 7.20721 -10.50000 17.53617
		endloop
	endfacet
	facet normal 0.60732 -0.74002 0.28900
		outer loop
			vertex 8.49266 -8.49266 19.97488
			vertex 7.20721 -10.50000 17.53617
			vertex 9.01576 -9.01576 17.53617
		endloop
	endfacet
	facet normal 0.56008 -0.68246 -0.46963
		outer loop
			vertex 8.49266 -8.49266 10.02512
			vertex 6.67264 -9.98631 10.02512
			vertex 6.00522 -8.98744 7.77759
		endloop
	endfacet
	facet normal 0.56008 -0.68246 -0.46963
		outer loop
			vertex 8.49266 -8.49266 10.02512
			vertex 6.00522 -8.98744 7.77759
			vertex 7.64319 -7.64319 7.77759
		endloop
	endfacet
	facet normal 0.56008 -0.68246 0.46963
		outer loop
			vertex 7.64319 -7.64319 22.22241
			vertex 6.00522 -8.98744 22.22241
			vertex 6.67264 -9.98631 19.97488
		endloop
	endfacet
	facet normal 0.56008 -0.68246 0.46963
		outer loop
			vertex 7.64319 -7.64319 22.22241
			vertex 6.67264 -9.98631 19.97488
			vertex 8.49266 -8.49266 19.97488
		endloop
	endfacet
	facet normal 0.49134 -0.59870 -0.63256
		outer loop
			vertex 7.64319 -7.64319 7.77759
			vertex 6.00522 -8.98744 7.77759
			vertex 5.10702 -7.64319 5.80761
		endloop
	endfacet
	facet normal 0.49134 -0.59870 -0.63256
		outer loop
			vertex 7.64319 -7.64319 7.77759
			vertex 5.10702 -7.64319 5.80761
			vertex 6.50000 -6.50000 5.80761
		endloop
	endfacet
	facet normal 0.49134 -0.59870 0.63256
		outer loop
			vertex 6.50000 -6.50000 24.19239
			vertex 5.10702 -7.64319 24.19239
			vertex 6.00522 -8.98744 22.22241
		endloop
	endfacet
	facet normal 0.49134 -0.59870 0.63256
		outer loop
			vertex 6.50000 -6.50000 24.19239
			vertex 6.00522 -8.98744 22.22241
			vertex 7.64319 -7.64319 22.22241
		endloop
	endfacet
	facet normal 0.40362 -0.49181 -0.77151
		outer loop
			vertex 5.37335 -5.37335 4.50000
			vertex 6.50000 -6.50000 5.80761
			vertex 5.10702 -7.64319 5.80761
		endloop
	endfacet
	facet normal 0.40362 -0.49181 -0.77151
		outer loop
			vertex 5.37335 -5.37335 4.50000
			vertex 5.10702 -7.64319 5.80761
			vertex 4.22181 -6.31839 4.50000
		endloop
	endfacet
	facet normal 0.40362 -0.49181 0.77151
		outer loop
			vertex 5.37335 -5.37335 25.50000
			vertex 4.22181 -6.31839 25.50000
			vertex 5.10702 -7.64319 24.19239
		endloop
	endfacet
	facet normal 0.40362 -0.49181 0.77151
		outer loop
			vertex 5.37335 -5.37335 25.50000
			vertex 5.10702 -7.64319 24.19239
			vertex 6.50000 -6.50000 24.19239
		endloop
	endfacet
	facet normal 0.45128 -0.84429 -0.28900
		outer loop
			vertex 7.01588 -10.50000 12.06176
			vertex 5.71159 -10.50000 10.02512
			vertex 6.67264 -9.98631 10.02512
		endloop
	endfacet
	facet normal 0.45128 -0.84429 0.28900
		outer loop
			vertex 7.01588 -10.50000 17.93824
			vertex 6.67264 -9.98631 19.97488
			vertex 5.71159 -10.50000 19.97488
		endloop
	endfacet
	facet normal 0.41618 -0.77862 -0.46963
		outer loop
			vertex 6.67264 -9.98631 10.02512
			vertex 5.71159 -10.50000 10.02512
			vertex 4.34924 -10.50000 8.81781
		endloop
	endfacet
	facet normal 0.41618 -0.77862 -0.46963
		outer loop
			vertex 6.67264 -9.98631 10.02512
			vertex 4.34924 -10.50000 8.81781
			vertex 4.13647 -9.98631 7.77759
		endloop
	endfacet
	facet normal 0.41618 -0.77862 -0.46963
		outer loop
			vertex 6.67264 -9.98631 10.02512
			vertex 4.13647 -9.98631 7.77759
			vertex 6.00522 -8.98744 7.77759
		endloop
	endfacet
	facet normal 0.41618 -0.77862 0.46963
		outer loop
			vertex 6.00522 -8.98744 22.22241
			vertex 4.13647 -9.98631 22.22241
			vertex 4.34924 -10.50000 21.18219
		endloop
	endfacet
	facet normal 0.41618 -0.77862 0.46963
		outer loop
			vertex 6.00522 -8.98744 22.22241
			vertex 4.34924 -10.50000 21.18219
			vertex 5.71159 -10.50000 19.97488
		endloop
	endfacet
	facet normal 0.41618 -0.77862 0.46963
		outer loop
			vertex 6.00522 -8.98744 22.22241
			vertex 5.71159 -10.50000 19.97488
			vertex 6.67264 -9.98631 19.97488
		endloop
	endfacet
	facet normal 0.36510 -0.68306 -0.63256
		outer loop
			vertex 6.00522 -8.98744 7.77759
			vertex 4.13647 -9.98631 7.77759
			vertex 3.51777 -8.49266 5.80761
		endloop
	endfacet
	facet normal 0.36510 -0.68306 -0.63256
		outer loop
			vertex 6.00522 -8.98744 7.77759
			vertex 3.51777 -8.49266 5.80761
			vertex 5.10702 -7.64319 5.80761
		endloop
	endfacet
	facet normal 0.36510 -0.68306 0.63256
		outer loop
			vertex 5.10702 -7.64319 24.19239
			vertex 3.51777 -8.49266 24.19239
			vertex 4.13647 -9.98631 22.22241
		endloop
	endfacet
	facet normal 0.36510 -0.68306 0.63256
		outer loop
			vertex 5.10702 -7.64319 24.19239
			vertex 4.13647 -9.98631 22.22241
			vertex 6.00522 -8.98744 22.22241
		endloop
	endfacet
	facet normal 0.29991 -0.56110 -0.77151
		outer loop
			vertex 4.22181 -6.31839 4.50000
			vertex 5.10702 -7.64319 5.80761
			vertex 3.51777 -8.49266 5.80761
		endloop
	endfacet
	facet normal 0.29991 -0.56110 -0.77151
		outer loop
			vertex 4.22181 -6.31839 4.50000
			vertex 3.51777 -8.49266 5.80761
			vertex 2.90803 -7.02061 4.50000
		endloop
	endfacet
	facet normal 0.29991 -0.56110 0.77151
		outer loop
			vertex 4.22181 -6.31839 25.50000
			vertex 2.90803 -7.02061 25.50000
			vertex 3.51777 -8.49266 24.19239
		endloop
	endfacet
	facet normal 0.29991 -0.56110 0.77151
		outer loop
			vertex 4.22181 -6.31839 25.50000
			vertex 3.51777 -8.49266 24.19239
			vertex 5.10702 -7.64319 24.19239
		endloop
	endfacet
	facet normal 0.25628 -0.84485 -0.46963
		outer loop
			vertex 4.34924 -10.50000 8.81781
			vertex 2.44306 -10.50000 7.77759
			vertex 4.13647 -9.98631 7.77759
		endloop
	endfacet
	facet normal 0.25628 -0.84485 0.46963
		outer loop
			vertex 4.34924 -10.50000 21.18219
			vertex 4.13647 -9.98631 22.22241
			vertex 2.44306 -10.50000 22.22241
		endloop
	endfacet
	facet normal 0.22483 -0.74116 -0.63256
		outer loop
			vertex 4.13647 -9.98631 7.77759
			vertex 2.44306 -10.50000 7.77759
			vertex 2.08858 -10.50000 7.65160
		endloop
	endfacet
	facet normal 0.22483 -0.74116 -0.63256
		outer loop
			vertex 4.13647 -9.98631 7.77759
			vertex 2.08858 -10.50000 7.65160
			vertex 1.79335 -9.01576 5.80761
		endloop
	endfacet
	facet normal 0.22483 -0.74116 -0.63256
		outer loop
			vertex 4.13647 -9.98631 7.77759
			vertex 1.79335 -9.01576 5.80761
			vertex 3.51777 -8.49266 5.80761
		endloop
	endfacet
	facet normal 0.22483 -0.74116 0.63256
		outer loop
			vertex 3.51777 -8.49266 24.19239
			vertex 1.79335 -9.01576 24.19239
			vertex 2.08858 -10.50000 22.34840
		endloop
	endfacet
	facet normal 0.22483 -0.74116 0.63256
		outer loop
			vertex 3.51777 -8.49266 24.19239
			vertex 2.08858 -10.50000 22.34840
			vertex 2.44306 -10.50000 22.22241
		endloop
	endfacet
	facet normal 0.22483 -0.74116 0.63256
		outer loop
			vertex 3.51777 -8.49266 24.19239
			vertex 2.44306 -10.50000 22.22241
			vertex 4.13647 -9.98631 22.22241
		endloop
	endfacet
	facet normal 0.18469 -0.60883 -0.77151
		outer loop
			vertex 2.90803 -7.02061 4.50000
			vertex 3.51777 -8.49266 5.80761
			vertex 1.79335 -9.01576 5.80761
		endloop
	endfacet
	facet normal 0.18469 -0.60883 -0.77151
		outer loop
			vertex 2.90803 -7.02061 4.50000
			vertex 1.79335 -9.01576 5.80761
			vertex 1.48250 -7.45304 4.50000
		endloop
	endfacet
	facet normal 0.18469 -0.60883 0.77151
		outer loop
			vertex 2.90803 -7.02061 25.50000
			vertex 1.48250 -7.45304 25.50000
			vertex 1.79335 -9.01576 24.19239
		endloop
	endfacet
	facet normal 0.18469 -0.60883 0.77151
		outer loop
			vertex 2.90803 -7.02061 25.50000
			vertex 1.79335 -9.01576 24.19239
			vertex 3.51777 -8.49266 24.19239
		endloop
	endfacet
	facet normal 0.07592 -0.77078 -0.63256
		outer loop
			vertex 2.08858 -10.50000 7.65160
			vertex 0.00000 -10.50000 7.40094
			vertex 0.00000 -9.19239 5.80761
		endloop
	endfacet
	facet normal 0.07592 -0.77078 -0.63256
		outer loop
			vertex 2.08858 -10.50000 7.65160
			vertex 0.00000 -9.19239 5.80761
			vertex 1.79335 -9.01576 5.80761
		endloop
	endfacet
	facet normal 0.07592 -0.77078 0.63256
		outer loop
			vertex 2.08858 -10.50000 22.34840
			vertex 1.79335 -9.01576 24.19239
			vertex 0.00000 -9.19239 24.19239
		endloop
	endfacet
	facet normal 0.07592 -0.77078 0.63256
		outer loop
			vertex 2.08858 -10.50000 22.34840
			vertex 0.00000 -9.19239 24.19239
			vertex 0.00000 -10.50000 22.59906
		endloop
	endfacet
	facet normal 0.06236 -0.63316 -0.77151
		outer loop
			vertex 1.48250 -7.45304 4.50000
			vertex 1.79335 -9.01576 5.80761
			vertex 0.00000 -9.19239 5.80761
		endloop
	endfacet
	facet normal 0.06236 -0.63316 -0.77151
		outer loop
			vertex 1.48250 -7.45304 4.50000
			vertex 0.00000 -9.19239 5.80761
			vertex 0.00000 -7.59906 4.50000
		endloop
	endfacet
	facet normal 0.06236 -0.63316 0.77151
		outer loop
			vertex 1.48250 -7.45304 25.50000
			vertex 0.00000 -7.59906 25.50000
			vertex 0.00000 -9.19239 24.19239
		endloop
	endfacet
	facet normal 0.06236 -0.63316 0.77151
		outer loop
			vertex 1.48250 -7.45304 25.50000
			vertex 0.00000 -9.19239 24.19239
			vertex 1.79335 -9.01576 24.19239
		endloop
	endfacet
	facet normal -0.07592 -0.77078 -0.63256
		outer loop
			vertex 0.00000 -10.50000 7.40094
			vertex -2.08858 -10.50000 7.65160
			vertex -1.79335 -9.01576 5.80761
		endloop
	endfacet
	facet normal -0.07592 -0.77078 -0.63256
		outer loop
			vertex 0.00000 -10.50000 7.40094
			vertex -1.79335 -9.01576 5.80761
			vertex 0.00000 -9.19239 5.80761
		endloop
	endfacet
	facet normal -0.07592 -0.77078 0.63256
		outer loop
			vertex 0.00000 -10.50000 22.59906
			vertex 0.00000 -9.19239 24.19239
			vertex -1.79335 -9.01576 24.19239
		endloop
	endfacet
	facet normal -0.07592 -0.77078 0.63256
		outer loop
			vertex 0.00000 -10.50000 22.59906
			vertex -1.79335 -9.01576 24.19239
			vertex -2.08858 -10.50000 22.34840
		endloop
	endfacet
	facet normal -0.06236 -0.63316 -0.77151
		outer loop
			vertex 0.00000 -7.59906 4.50000
			vertex 0.00000 -9.19239 5.80761
			vertex -1.79335 -9.01576 5.80761
		endloop
	endfacet
	facet normal -0.06236 -0.63316 -0.77151
		outer loop
			vertex 0.00000 -7.59906 4.50000
			vertex -1.79335 -9.01576 5.80761
			vertex -1.48250 -7.45304 4.50000
		endloop
	endfacet
	facet normal -0.06236 -0.63316 0.77151
		outer loop
			vertex 0.00000 -7.59906 25.50000
			vertex -1.48250 -7.45304 25.50000
			vertex -1.79335 -9.01576 24.19239
		endloop
	endfacet
	facet normal -0.06236 -0.63316 0.77151
		outer loop
			vertex 0.00000 -7.59906 25.50000
			vertex -1.79335 -9.01576 24.19239
			vertex 0.00000 -9.19239 24.19239
		endloop
	endfacet
	facet normal -0.25628 -0.84485 -0.46963
		outer loop
			vertex -4.34924 -10.50000 8.81781
			vertex -4.13647 -9.98631 7.77759
			vertex -2.44306 -10.50000 7.77759
		endloop
	endfacet
	facet normal -0.25628 -0.84485 0.46963
		outer loop
			vertex -2.44306 -10.50000 22.22241
			vertex -4.13647 -9.98631 22.22241
			vertex -4.34924 -10.50000 21.18219
		endloop
	endfacet
	facet normal -0.22483 -0.74116 -0.63256
		outer loop
			vertex -2.08858 -10.50000 7.65160
			vertex -2.44306 -10.50000 7.77759
			vertex -4.13647 -9.98631 7.77759
		endloop
	endfacet
	facet normal -0.22483 -0.74116 -0.63256
		outer loop
			vertex -2.08858 -10.50000 7.65160
			vertex -4.13647 -9.98631 7.77759
			vertex -3.51777 -8.49266 5.80761
		endloop
	endfacet
	facet normal -0.22483 -0.74116 -0.63256
		outer loop
			vertex -2.08858 -10.50000 7.65160
			vertex -3.51777 -8.49266 5.80761
			vertex -1.79335 -9.01576 5.80761
		endloop
	endfacet
	facet normal -0.22483 -0.74116 0.63256
		outer loop
			vertex -2.08858 -10.50000 22.34840
			vertex -1.79335 -9.01576 24.19239
			vertex -3.51777 -8.49266 24.19239
		endloop
	endfacet
	facet normal -0.22483 -0.74116 0.63256
		outer loop
			vertex -2.08858 -10.50000 22.34840
			vertex -3.51777 -8.49266 24.19239
			vertex -4.13647 -9.98631 22.22241
		endloop
	endfacet
	facet normal -0.22483 -0.74116 0.63256
		outer loop
			vertex -2.08858 -10.50000 22.34840
			vertex -4.13647 -9.98631 22.22241
			vertex -2.44306 -10.50000 22.22241
		endloop
	endfacet
	facet normal -0.18469 -0.60883 -0.77151
		outer loop
			vertex -1.48250 -7.45304 4.50000
			vertex -1.79335 -9.01576 5.80761
			vertex -3.51777 -8.49266 5.80761
		endloop
	endfacet
	facet normal -0.18469 -0.60883 -0.77151
		outer loop
			vertex -1.48250 -7.45304 4.50000
			vertex -3.51777 -8.49266 5.80761
			vertex -2.90803 -7.02061 4.50000
		endloop
	endfacet
	facet normal -0.18469 -0.60883 0.77151
		outer loop
			vertex -1.48250 -7.45304 25.50000
			vertex -2.90803 -7.02061 25.50000
			vertex -3.51777 -8.49266 24.19239
		endloop
	endfacet
	facet normal -0.18469 -0.60883 0.77151
		outer loop
			vertex -1.48250 -7.45304 25.50000
			vertex -3.51777 -8.49266 24.19239
			vertex -1.79335 -9.01576 24.19239
		endloop
	endfacet
	facet normal -0.45128 -0.84429 -0.28900
		outer loop
			vertex -7.01588 -10.50000 12.06176
			vertex -6.67264 -9.98631 10.02512
			vertex -5.71159 -10.50000 10.02512
		endloop
	endfacet
	facet normal -0.45128 -0.84429 0.28900
		outer loop
			vertex -5.71159 -10.50000 19.97488
			vertex -6.67264 -9.98631 19.97488
			vertex -7.01588 -10.50000 17.93824
		endloop
	endfacet
	facet normal -0.41618 -0.77862 -0.46963
		outer loop
			vertex -4.34924 -10.50000 8.81781
			vertex -5.71159 -10.50000 10.02512
			vertex -6.67264 -9.98631 10.02512
		endloop
	endfacet
	facet normal -0.41618 -0.77862 -0.46963
		outer loop
			vertex -4.34924 -10.50000 8.81781
			vertex -6.67264 -9.98631 10.02512
			vertex -6.00522 -8.98744 7.77759
		endloop
	endfacet
	facet normal -0.41618 -0.77862 -0.46963
		outer loop
			vertex -4.34924 -10.50000 8.81781
			vertex -6.00522 -8.98744 7.77759
			vertex -4.13647 -9.98631 7.77759
		endloop
	endfacet
	facet normal -0.41618 -0.77862 0.46963
		outer loop
			vertex -4.34924 -10.50000 21.18219
			vertex -4.13647 -9.98631 22.22241
			vertex -6.00522 -8.98744 22.22241
		endloop
	endfacet
	facet normal -0.41618 -0.77862 0.46963
		outer loop
			vertex -4.34924 -10.50000 21.18219
			vertex -6.00522 -8.98744 22.22241
			vertex -6.67264 -9.98631 19.97488
		endloop
	endfacet
	facet normal -0.41618 -0.77862 0.46963
		outer loop
			vertex -4.34924 -10.50000 21.18219
			vertex -6.67264 -9.98631 19.97488
			vertex -5.71159 -10.50000 19.97488
		endloop
	endfacet
	facet normal -0.36510 -0.68306 -0.63256
		outer loop
			vertex -4.13647 -9.98631 7.77759
			vertex -6.00522 -8.98744 7.77759
			vertex -5.10702 -7.64319 5.80761
		endloop
	endfacet
	facet normal -0.36510 -0.68306 -0.63256
		outer loop
			vertex -4.13647 -9.98631 7.77759
			vertex -5.10702 -7.64319 5.80761
			vertex -3.51777 -8.49266 5.80761
		endloop
	endfacet
	facet normal -0.36510 -0.68306 0.63256
		outer loop
			vertex -3.51777 -8.49266 24.19239
			vertex -5.10702 -7.64319 24.19239
			vertex -6.00522 -8.98744 22.22241
		endloop
	endfacet
	facet normal -0.36510 -0.68306 0.63256
		outer loop
			vertex -3.51777 -8.49266 24.19239
			vertex -6.00522 -8.98744 22.22241
			vertex -4.13647 -9.98631 22.22241
		endloop
	endfacet
	facet normal -0.29991 -0.56110 -0.77151
		outer loop
			vertex -2.90803 -7.02061 4.50000
			vertex -3.51777 -8.49266 5.80761
			vertex -5.10702 -7.64319 5.80761
		endloop
	endfacet
	facet normal -0.29991 -0.56110 -0.77151
		outer loop
			vertex -2.90803 -7.02061 4.50000
			vertex -5.10702 -7.64319 5.80761
			vertex -4.22181 -6.31839 4.50000
		endloop
	endfacet
	facet normal -0.29991 -0.56110 0.77151
		outer loop
			vertex -2.90803 -7.02061 25.50000
			vertex -4.22181 -6.31839 25.50000
			vertex -5.10702 -7.64319 24.19239
		endloop
	endfacet
	facet normal -0.29991 -0.56110 0.77151
		outer loop
			vertex -2.90803 -7.02061 25.50000
			vertex -5.10702 -7.64319 24.19239
			vertex -3.51777 -8.49266 24.19239
		endloop
	endfacet
	facet normal -0.63137 -0.76932 -0.09755
		outer loop
			vertex -7.59906 -10.50000 15.00000
			vertex -9.19239 -9.19239 15.00000
			vertex -9.01576 -9.01576 12.46383
		endloop
	endfacet
	facet normal -0.63137 -0.76932 -0.09755
		outer loop
			vertex -7.59906 -10.50000 15.00000
			vertex -9.01576 -9.01576 12.46383
			vertex -7.20721 -10.50000 12.46383
		endloop
	endfacet
	facet normal -0.63137 -0.76932 0.09755
		outer loop
			vertex -7.20721 -10.50000 17.53617
			vertex -9.01576 -9.01576 17.53617
			vertex -9.19239 -9.19239 15.00000
		endloop
	endfacet
	facet normal -0.63137 -0.76932 0.09755
		outer loop
			vertex -7.20721 -10.50000 17.53617
			vertex -9.19239 -9.19239 15.00000
			vertex -7.59906 -10.50000 15.00000
		endloop
	endfacet
	facet normal -0.60732 -0.74002 -0.28900
		outer loop
			vertex -7.01588 -10.50000 12.06176
			vertex -7.20721 -10.50000 12.46383
			vertex -9.01576 -9.01576 12.46383
		endloop
	endfacet
	facet normal -0.60732 -0.74002 -0.28900
		outer loop
			vertex -7.01588 -10.50000 12.06176
			vertex -9.01576 -9.01576 12.46383
			vertex -8.49266 -8.49266 10.02512
		endloop
	endfacet
	facet normal -0.60732 -0.74002 -0.28900
		outer loop
			vertex -7.01588 -10.50000 12.06176
			vertex -8.49266 -8.49266 10.02512
			vertex -6.67264 -9.98631 10.02512
		endloop
	endfacet
	facet normal -0.60732 -0.74002 0.28900
		outer loop
			vertex -7.01588 -10.50000 17.93824
			vertex -6.67264 -9.98631 19.97488
			vertex -8.49266 -8.49266 19.97488
		endloop
	endfacet
	facet normal -0.60732 -0.74002 0.28900
		outer loop
			vertex -7.01588 -10.50000 17.93824
			vertex -8.49266 -8.49266 19.97488
			vertex -9.01576 -9.01576 17.53617
		endloop
	endfacet
	facet normal -0.60732 -0.74002 0.28900
		outer loop
			vertex -7.01588 -10.50000 17.93824
			vertex -9.01576 -9.01576 17.53617
			vertex -7.20721 -10.50000 17.53617
		endloop
	endfacet
	facet normal -0.56008 -0.68246 -0.46963
		outer loop
			vertex -6.67264 -9.98631 10.02512
			vertex -8.49266 -8.49266 10.02512
			vertex -7.64319 -7.64319 7.77759
		endloop
	endfacet
	facet normal -0.56008 -0.68246 -0.46963
		outer loop
			vertex -6.67264 -9.98631 10.02512
			vertex -7.64319 -7.64319 7.77759
			vertex -6.00522 -8.98744 7.77759
		endloop
	endfacet
	facet normal -0.56008 -0.68246 0.46963
		outer loop
			vertex -6.00522 -8.98744 22.22241
			vertex -7.64319 -7.64319 22.22241
			vertex -8.49266 -8.49266 19.97488
		endloop
	endfacet
	facet normal -0.56008 -0.68246 0.46963
		outer loop
			vertex -6.00522 -8.98744 22.22241
			vertex -8.49266 -8.49266 19.97488
			vertex -6.67264 -9.98631 19.97488
		endloop
	endfacet
	facet normal -0.49134 -0.59870 -0.63256
		outer loop
			vertex -6.00522 -8.98744 7.77759
			vertex -7.64319 -7.64319 7.77759
			vertex -6.50000 -6.50000 5.80761
		endloop
	endfacet
	facet normal -0.49134 -0.59870 -0.63256
		outer loop
			vertex -6.00522 -8.98744 7.77759
			vertex -6.50000 -6.50000 5.80761
			vertex -5.10702 -7.64319 5.80761
		endloop
	endfacet
	facet normal -0.49134 -0.59870 0.63256
		outer loop
			vertex -5.10702 -7.64319 24.19239
			vertex -6.50000 -6.50000 24.19239
			vertex -7.64319 -7.64319 22.22241
		endloop
	endfacet
	facet normal -0.49134 -0.59870 0.63256
		outer loop
			vertex -5.10702 -7.64319 24.19239
			vertex -7.64319 -7.64319 22.22241
			vertex -6.00522 -8.98744 22.22241
		endloop
	endfacet
	facet normal -0.40362 -0.49181 -0.77151
		outer loop
			vertex -4.22181 -6.31839 4.50000
			vertex -5.10702 -7.64319 5.80761
			vertex -6.50000 -6.50000 5.80761
		endloop
	endfacet
	facet normal -0.40362 -0.49181 -0.77151
		outer loop
			vertex -4.22181 -6.31839 4.50000
			vertex -6.50000 -6.50000 5.80761
			vertex -5.37335 -5.37335 4.50000
		endloop
	endfacet
	facet normal -0.40362 -0.49181 0.77151
		outer loop
			vertex -4.22181 -6.31839 25.50000
			vertex -5.37335 -5.37335 25.50000
			vertex -6.50000 -6.50000 24.19239
		endloop
	endfacet
	facet normal -0.40362 -0.49181 0.77151
		outer loop
			vertex -4.22181 -6.31839 25.50000
			vertex -6.50000 -6.50000 24.19239
			vertex -5.10702 -7.64319 24.19239
		endloop
	endfacet
	facet normal -0.76932 -0.63137 -0.09755
		outer loop
			vertex -9.19239 -9.19239 15.00000
			vertex -10.50000 -7.59906 15.00000
			vertex -10.50000 -7.20721 12.46383
		endloop
	endfacet
	facet normal -0.76932 -0.63137 -0.09755
		outer loop
			vertex -9.19239 -9.19239 15.00000
			vertex -10.50000 -7.20721 12.46383
			vertex -9.01576 -9.01576 12.46383
		endloop
	endfacet
	facet normal -0.76932 -0.63137 0.09755
		outer loop
			vertex -9.01576 -9.01576 17.53617
			vertex -10.50000 -7.20721 17.53617
			vertex -10.50000 -7.59906 15.00000
		endloop
	endfacet
	facet normal -0.76932 -0.63137 0.09755
		outer loop
			vertex -9.01576 -9.01576 17.53617
			vertex -10.50000 -7.59906 15.00000
			vertex -9.19239 -9.19239 15.00000
		endloop
	endfacet
	facet normal -0.74002 -0.60732 -0.28900
		outer loop
			vertex -9.01576 -9.01576 12.46383
			vertex -10.50000 -7.20721 12.46383
			vertex -10.50000 -7.01588 12.06176
		endloop
	endfacet
	facet normal -0.74002 -0.60732 -0.28900
		outer loop
			vertex -9.01576 -9.01576 12.46383
			vertex -10.50000 -7.01588 12.06176
			vertex -9.98631 -6.67264 10.02512
		endloop
	endfacet
	facet normal -0.74002 -0.60732 -0.28900
		outer loop
			vertex -9.01576 -9.01576 12.46383
			vertex -9.98631 -6.67264 10.02512
			vertex -8.49266 -8.49266 10.02512
		endloop
	endfacet
	facet normal -0.74002 -0.60732 0.28900
		outer loop
			vertex -8.49266 -8.49266 19.97488
			vertex -9.98631 -6.67264 19.97488
			vertex -10.50000 -7.01588 17.93824
		endloop
	endfacet
	facet normal -0.74002 -0.60732 0.28900
		outer loop
			vertex -8.49266 -8.49266 19.97488
			vertex -10.50000 -7.01588 17.93824
			vertex -10.50000 -7.20721 17.53617
		endloop
	endfacet
	facet normal -0.74002 -0.60732 0.28900
		outer loop
			vertex -8.49266 -8.49266 19.97488
			vertex -10.50000 -7.20721 17.53617
			vertex -9.01576 -9.01576 17.53617
		endloop
	endfacet
	facet normal -0.68246 -0.56008 -0.46963
		outer loop
			vertex -8.49266 -8.49266 10.02512
			vertex -9.98631 -6.67264 10.02512
			vertex -8.98744 -6.00522 7.77759
		endloop
	endfacet
	facet normal -0.68246 -0.56008 -0.46963
		outer loop
			vertex -8.49266 -8.49266 10.02512
			vertex -8.98744 -6.00522 7.77759
			vertex -7.64319 -7.64319 7.77759
		endloop
	endfacet
	facet normal -0.68246 -0.56008 0.46963
		outer loop
			vertex -7.64319 -7.64319 22.22241
			vertex -8.98744 -6.00522 22.22241
			vertex -9.98631 -6.67264 19.97488
		endloop
	endfacet
	facet normal -0.68246 -0.56008 0.46963
		outer loop
			vertex -7.64319 -7.64319 22.22241
			vertex -9.98631 -6.67264 19.97488
			vertex -8.49266 -8.49266 19.97488
		endloop
	endfacet
	facet normal -0.59870 -0.49134 -0.63256
		outer loop
			vertex -7.64319 -7.64319 7.77759
			vertex -8.98744 -6.00522 7.77759
			vertex -7.64319 -5.10702 5.80761
		endloop
	endfacet
	facet normal -0.59870 -0.49134 -0.63256
		outer loop
			vertex -7.64319 -7.64319 7.77759
			vertex -7.64319 -5.10702 5.80761
			vertex -6.50000 -6.50000 5.80761
		endloop
	endfacet
	facet normal -0.59870 -0.49134 0.63256
		outer loop
			vertex -6.50000 -6.50000 24.19239
			vertex -7.64319 -5.10702 24.19239
			vertex -8.98744 -6.00522 22.22241
		endloop
	endfacet
	facet normal -0.59870 -0.49134 0.63256
		outer loop
			vertex -6.50000 -6.50000 24.19239
			vertex -8.98744 -6.00522 22.22241
			vertex -7.64319 -7.64319 22.22241
		endloop
	endfacet
	facet normal -0.49181 -0.40362 -0.77151
		outer loop
			vertex -5.37335 -5.37335 4.50000
			vertex -6.50000 -6.50000 5.80761
			vertex -7.64319 -5.10702 5.80761
		endloop
	endfacet
	facet normal -0.49181 -0.40362 -0.77151
		outer loop
			vertex -5.37335 -5.37335 4.50000
			vertex -7.64319 -5.10702 5.80761
			vertex -6.31839 -4.22181 4.50000
		endloop
	endfacet
	facet normal -0.49181 -0.40362 0.77151
		outer loop
			vertex -5.37335 -5.37335 25.50000
			vertex -6.31839 -4.22181 25.50000
			vertex -7.64319 -5.10702 24.19239
		endloop
	endfacet
	facet normal -0.49181 -0.40362 0.77151
		outer loop
			vertex -5.37335 -5.37335 25.50000
			vertex -7.64319 -5.10702 24.19239
			vertex -6.50000 -6.50000 24.19239
		endloop
	endfacet
	facet normal -0.84429 -0.45128 -0.28900
		outer loop
			vertex -10.50000 -7.01588 12.06176
			vertex -10.50000 -5.71159 10.02512
			vertex -9.98631 -6.67264 10.02512
		endloop
	endfacet
	facet normal -0.84429 -0.45128 0.28900
		outer loop
			vertex -10.50000 -7.01588 17.93824
			vertex -9.98631 -6.67264 19.97488
			vertex -10.50000 -5.71159 19.97488
		endloop
	endfacet
	facet normal -0.77862 -0.41618 -0.46963
		outer loop
			vertex -9.98631 -6.67264 10.02512
			vertex -10.50000 -5.71159 10.02512
			vertex -10.50000 -4.34924 8.81781
		endloop
	endfacet
	facet normal -0.77862 -0.41618 -0.46963
		outer loop
			vertex -9.98631 -6.67264 10.02512
			vertex -10.50000 -4.34924 8.81781
			vertex -9.98631 -4.13647 7.77759
		endloop
	endfacet
	facet normal -0.77862 -0.41618 -0.46963
		outer loop
			vertex -9.98631 -6.67264 10.02512
			vertex -9.98631 -4.13647 7.77759
			vertex -8.98744 -6.00522 7.77759
		endloop
	endfacet
	facet normal -0.77862 -0.41618 0.46963
		outer loop
			vertex -8.98744 -6.00522 22.22241
			vertex -9.98631 -4.13647 22.22241
			vertex -10.50000 -4.34924 21.18219
		endloop
	endfacet
	facet normal -0.77862 -0.41618 0.46963
		outer loop
			vertex -8.98744 -6.00522 22.22241
			vertex -10.50000 -4.34924 21.18219
			vertex -10.50000 -5.71159 19.97488
		endloop
	endfacet
	facet normal -0.77862 -0.41618 0.46963
		outer loop
			vertex -8.98744 -6.00522 22.22241
			vertex -10.50000 -5.71159 19.97488
			vertex -9.98631 -6.67264 19.97488
		endloop
	endfacet
	facet normal -0.68306 -0.36510 -0.63256
		outer loop
			vertex -8.98744 -6.00522 7.77759
			vertex -9.98631 -4.13647 7.77759
			vertex -8.49266 -3.51777 5.80761
		endloop
	endfacet
	facet normal -0.68306 -0.36510 -0.63256
		outer loop
			vertex -8.98744 -6.00522 7.77759
			vertex -8.49266 -3.51777 5.80761
			vertex -7.64319 -5.10702 5.80761
		endloop
	endfacet
	facet normal -0.68306 -0.36510 0.63256
		outer loop
			vertex -7.64319 -5.10702 24.19239
			vertex -8.49266 -3.51777 24.19239
			vertex -9.98631 -4.13647 22.22241
		endloop
	endfacet
	facet normal -0.68306 -0.36510 0.63256
		outer loop
			vertex -7.64319 -5.10702 24.19239
			vertex -9.98631 -4.13647 22.22241
			vertex -8.98744 -6.00522 22.22241
		endloop
	endfacet
	facet normal -0.56110 -0.29991 -0.77151
		outer loop
			vertex -6.31839 -4.22181 4.50000
			vertex -7.64319 -5.10702 5.80761
			vertex -8.49266 -3.51777 5.80761
		endloop
	endfacet
	facet normal -0.56110 -0.29991 -0.77151
		outer loop
			vertex -6.31839 -4.22181 4.50000
			vertex -8.49266 -3.51777 5.80761
			vertex -7.02061 -2.90803 4.50000
		endloop
	endfacet
	facet normal -0.56110 -0.29991 0.77151
		outer loop
			vertex -6.31839 -4.22181 25.50000
			vertex -7.02061 -2.90803 25.50000
			vertex -8.49266 -3.51777 24.19239
		endloop
	endfacet
	facet normal -0.56110 -0.29991 0.77151
		outer loop
			vertex -6.31839 -4.22181 25.50000
			vertex -8.49266 -3.51777 24.19239
			vertex -7.64319 -5.10702 24.19239
		endloop
	endfacet
	facet normal -0.84485 -0.25628 -0.46963
		outer loop
			vertex -10.50000 -4.34924 8.81781
			vertex -10.50000 -2.44306 7.77759
			vertex -9.98631 -4.13647 7.77759
		endloop
	endfacet
	facet normal -0.84485 -0.25628 0.46963
		outer loop
			vertex -10.50000 -4.34924 21.18219
			vertex -9.98631 -4.13647 22.22241
			vertex -10.50000 -2.44306 22.22241
		endloop
	endfacet
	facet normal -0.74116 -0.22483 -0.63256
		outer loop
			vertex -9.98631 -4.13647 7.77759
			vertex -10.50000 -2.44306 7.77759
			vertex -10.50000 -2.08858 7.65160
		endloop
	endfacet
	facet normal -0.74116 -0.22483 -0.63256
		outer loop
			vertex -9.98631 -4.13647 7.77759
			vertex -10.50000 -2.08858 7.65160
			vertex -9.01576 -1.79335 5.80761
		endloop
	endfacet
	facet normal -0.74116 -0.22483 -0.63256
		outer loop
			vertex -9.98631 -4.13647 7.77759
			vertex -9.01576 -1.79335 5.80761
			vertex -8.49266 -3.51777 5.80761
		endloop
	endfacet
	facet normal -0.74116 -0.22483 0.63256
		outer loop
			vertex -8.49266 -3.51777 24.19239
			vertex -9.01576 -1.79335 24.19239
			vertex -10.50000 -2.08858 22.34840
		endloop
	endfacet
	facet normal -0.74116 -0.22483 0.63256
		outer loop
			vertex -8.49266 -3.51777 24.19239
			vertex -10.50000 -2.08858 22.34840
			vertex -10.50000 -2.44306 22.22241
		endloop
	endfacet
	facet normal -0.74116 -0.22483 0.63256
		outer loop
			vertex -8.49266 -3.51777 24.19239
			vertex -10.50000 -2.44306 22.22241
			vertex -9.98631 -4.13647 22.22241
		endloop
	endfacet
	facet normal -0.60883 -0.18469 -0.77151
		outer loop
			vertex -7.02061 -2.90803 4.50000
			vertex -8.49266 -3.51777 5.80761
			vertex -9.01576 -1.79335 5.80761
		endloop
	endfacet
	facet normal -0.60883 -0.18469 -0.77151
		outer loop
			vertex -7.02061 -2.90803 4.50000
			vertex -9.01576 -1.79335 5.80761
			vertex -7.45304 -1.48250 4.50000
		endloop
	endfacet
	facet normal -0.60883 -0.18469 0.77151
		outer loop
			vertex -7.02061 -2.90803 25.50000
			vertex -7.45304 -1.48250 25.50000
			vertex -9.01576 -1.79335 24.19239
		endloop
	endfacet
	facet normal -0.60883 -0.18469 0.77151
		outer loop
			vertex -7.02061 -2.90803 25.50000
			vertex -9.01576 -1.79335 24.19239
			vertex -8.49266 -3.51777 24.19239
		endloop
	endfacet
	facet normal -0.77078 -0.07592 -0.63256
		outer loop
			vertex -10.50000 -2.08858 7.65160
			vertex -10.50000 -0.00000 7.40094
			vertex -9.19239 -0.00000 5.80761
		endloop
	endfacet
	facet normal -0.77078 -0.07592 -0.63256
		outer loop
			vertex -10.50000 -2.08858 7.65160
			vertex -9.19239 -0.00000 5.80761
			vertex -9.01576 -1.79335 5.80761
		endloop
	endfacet
	facet normal -0.77078 -0.07592 0.63256
		outer loop
			vertex -10.50000 -2.08858 22.34840
			vertex -9.01576 -1.79335 24.19239
			vertex -9.19239 -0.00000 24.19239
		endloop
	endfacet
	facet normal -0.77078 -0.07592 0.63256
		outer loop
			vertex -10.50000 -2.08858 22.34840
			vertex -9.19239 -0.00000 24.19239
			vertex -10.50000 -0.00000 22.59906
		endloop
	endfacet
	facet normal -0.63316 -0.06236 -0.77151
		outer loop
			vertex -7.45304 -1.48250 4.50000
			vertex -9.01576 -1.79335 5.80761
			vertex -9.19239 -0.00000 5.80761
		endloop
	endfacet
	facet normal -0.63316 -0.06236 -0.77151
		outer loop
			vertex -7.45304 -1.48250 4.50000
			vertex -9.19239 -0.00000 5.80761
			vertex -7.59906 -0.00000 4.50000
		endloop
	endfacet
	facet normal -0.63316 -0.06236 0.77151
		outer loop
			vertex -7.45304 -1.48250 25.50000
			vertex -7.59906 -0.00000 25.50000
			vertex -9.19239 -0.00000 24.19239
		endloop
	endfacet
	facet normal -0.63316 -0.06236 0.77151
		outer loop
			vertex -7.45304 -1.48250 25.50000
			vertex -9.19239 -0.00000 24.19239
			vertex -9.01576 -1.79335 24.19239
		endloop
	endfacet
	facet normal -0.77078 0.07592 -0.63256
		outer loop
			vertex -10.50000 -0.00000 7.40094
			vertex -10.50000 2.08858 7.65160
			vertex -9.01576 1.79335 5.80761
		endloop
	endfacet
	facet normal -0.77078 0.07592 -0.63256
		outer loop
			vertex -10.50000 -0.00000 7.40094
			vertex -9.01576 1.79335 5.80761
			vertex -9.19239 -0.00000 5.80761
		endloop
	endfacet
	facet normal -0.77078 0.07592 0.63256
		outer loop
			vertex -10.50000 -0.00000 22.59906
			vertex -9.19239 -0.00000 24.19239
			vertex -9.01576 1.79335 24.19239
		endloop
	endfacet
	facet normal -0.77078 0.07592 0.63256
		outer loop
			vertex -10.50000 -0.00000 22.59906
			vertex -9.01576 1.79335 24.19239
			vertex -10.50000 2.08858 22.34840
		endloop
	endfacet
	facet normal -0.63316 0.06236 -0.77151
		outer loop
			vertex -7.59906 -0.00000 4.50000
			vertex -9.19239 -0.00000 5.80761
			vertex -9.01576 1.79335 5.80761
		endloop
	endfacet
	facet normal -0.63316 0.06236 -0.77151
		outer loop
			vertex -7.59906 -0.00000 4.50000
			vertex -9.01576 1.79335 5.80761
			vertex -7.45304 1.48250 4.50000
		endloop
	endfacet
	facet normal -0.63316 0.06236 0.77151
		outer loop
			vertex -7.59906 -0.00000 25.50000
			vertex -7.45304 1.48250 25.50000
			vertex -9.01576 1.79335 24.19239
		endloop
	endfacet
	facet normal -0.63316 0.06236 0.77151
		outer loop
			vertex -7.59906 -0.00000 25.50000
			vertex -9.01576 1.79335 24.19239
			vertex -9.19239 -0.00000 24.19239
		endloop
	endfacet
	facet normal -0.84485 0.25628 -0.46963
		outer loop
			vertex -10.50000 4.34924 8.81781
			vertex -9.98631 4.13647 7.77759
			vertex -10.50000 2.44306 7.77759
		endloop
	endfacet
	facet normal -0.84485 0.25628 0.46963
		outer loop
			vertex -10.50000 2.44306 22.22241
			vertex -9.98631 4.13647 22.22241
			vertex -10.50000 4.34924 21.18219
		endloop
	endfacet
	facet normal -0.74116 0.22483 -0.63256
		outer loop
			vertex -10.50000 2.08858 7.65160
			vertex -10.50000 2.44306 7.77759
			vertex -9.98631 4.13647 7.77759
		endloop
	endfacet
	facet normal -0.74116 0.22483 -0.63256
		outer loop
			vertex -10.50000 2.08858 7.65160
			vertex -9.98631 4.13647 7.77759
			vertex -8.49266 3.51777 5.80761
		endloop
	endfacet
	facet normal -0.74116 0.22483 -0.63256
		outer loop
			vertex -10.50000 2.08858 7.65160
			vertex -8.49266 3.51777 5.80761
			vertex -9.01576 1.79335 5.80761
		endloop
	endfacet
	facet normal -0.74116 0.22483 0.63256
		outer loop
			vertex -10.50000 2.08858 22.34840
			vertex -9.01576 1.79335 24.19239
			vertex -8.49266 3.51777 24.19239
		endloop
	endfacet
	facet normal -0.74116 0.22483 0.63256
		outer loop
			vertex -10.50000 2.08858 22.34840
			vertex -8.49266 3.51777 24.19239
			vertex -9.98631 4.13647 22.22241
		endloop
	endfacet
	facet normal -0.74116 0.22483 0.63256
		outer loop
			vertex -10.50000 2.08858 22.34840
			vertex -9.98631 4.13647 22.22241
			vertex -10.50000 2.44306 22.22241
		endloop
	endfacet
	facet normal -0.60883 0.18469 -0.77151
		outer loop
			vertex -7.45304 1.48250 4.50000
			vertex -9.01576 1.79335 5.80761
			vertex -8.49266 3.51777 5.80761
		endloop
	endfacet
	facet normal -0.60883 0.18469 -0.77151
		outer loop
			vertex -7.45304 1.48250 4.50000
			vertex -8.49266 3.51777 5.80761
			vertex -7.02061 2.90803 4.50000
		endloop
	endfacet
	facet normal -0.60883 0.18469 0.77151
		outer loop
			vertex -7.45304 1.48250 25.50000
			vertex -7.02061 2.90803 25.50000
			vertex -8.49266 3.51777 24.19239
		endloop
	endfacet
	facet normal -0.60883 0.18469 0.77151
		outer loop
			vertex -7.45304 1.48250 25.50000
			vertex -8.49266 3.51777 24.19239
			vertex -9.01576 1.79335 24.19239
		endloop
	endfacet
	facet normal -0.84429 0.45128 -0.28900
		outer loop
			vertex -10.50000 7.01588 12.06176
			vertex -9.98631 6.67264 10.02512
			vertex -10.50000 5.71159 10.02512
		endloop
	endfacet
	facet normal -0.84429 0.45128 0.28900
		outer loop
			vertex -10.50000 5.71159 19.97488
			vertex -9.98631 6.67264 19.97488
			vertex -10.50000 7.01588 17.93824
		endloop
	endfacet
	facet normal -0.77862 0.41618 -0.46963
		outer loop
			vertex -10.50000 4.34924 8.81781
			vertex -10.50000 5.71159 10.02512
			vertex -9.98631 6.67264 10.02512
		endloop
	endfacet
	facet normal -0.77862 0.41618 -0.46963
		outer loop
			vertex -10.50000 4.34924 8.81781
			vertex -9.98631 6.67264 10.02512
			vertex -8.98744 6.00522 7.77759
		endloop
	endfacet
	facet normal -0.77862 0.41618 -0.46963
		outer loop
			vertex -10.50000 4.34924 8.81781
			vertex -8.98744 6.00522 7.77759
			vertex -9.98631 4.13647 7.77759
		endloop
	endfacet
	facet normal -0.77862 0.41618 0.46963
		outer loop
			vertex -10.50000 4.34924 21.18219
			vertex -9.98631 4.13647 22.22241
			vertex -8.98744 6.00522 22.22241
		endloop
	endfacet
	facet normal -0.77862 0.41618 0.46963
		outer loop
			vertex -10.50000 4.34924 21.18219
			vertex -8.98744 6.00522 22.22241
			vertex -9.98631 6.67264 19.97488
		endloop
	endfacet
	facet normal -0.77862 0.41618 0.46963
		outer loop
			vertex -10.50000 4.34924 21.18219
			vertex -9.98631 6.67264 19.97488
			vertex -10.50000 5.71159 19.97488
		endloop
	endfacet
	facet normal -0.68306 0.36510 -0.63256
		outer loop
			vertex -9.98631 4.13647 7.77759
			vertex -8.98744 6.00522 7.77759
			vertex -7.64319 5.10702 5.80761
		endloop
	endfacet
	facet normal -0.68306 0.36510 -0.63256
		outer loop
			vertex -9.98631 4.13647 7.77759
			vertex -7.64319 5.10702 5.80761
			vertex -8.49266 3.51777 5.80761
		endloop
	endfacet
	facet normal -0.68306 0.36510 0.63256
		outer loop
			vertex -8.49266 3.51777 24.19239
			vertex -7.64319 5.10702 24.19239
			vertex -8.98744 6.00522 22.22241
		endloop
	endfacet
	facet normal -0.68306 0.36510 0.63256
		outer loop
			vertex -8.49266 3.51777 24.19239
			vertex -8.98744 6.00522 22.22241
			vertex -9.98631 4.13647 22.22241
		endloop
	endfacet
	facet normal -0.56110 0.29991 -0.77151
		outer loop
			vertex -7.02061 2.90803 4.50000
			vertex -8.49266 3.51777 5.80761
			vertex -7.64319 5.10702 5.80761
		endloop
	endfacet
	facet normal -0.56110 0.29991 -0.77151
		outer loop
			vertex -7.02061 2.90803 4.50000
			vertex -7.64319 5.10702 5.80761
			vertex -6.31839 4.22181 4.50000
		endloop
	endfacet
	facet normal -0.56110 0.29991 0.77151
		outer loop
			vertex -7.02061 2.90803 25.50000
			vertex -6.31839 4.22181 25.50000
			vertex -7.64319 5.10702 24.19239
		endloop
	endfacet
	facet normal -0.56110 0.29991 0.77151
		outer loop
			vertex -7.02061 2.90803 25.50000
			vertex -7.64319 5.10702 24.19239
			vertex -8.49266 3.51777 24.19239
		endloop
	endfacet
	facet normal -0.76932 0.63137 -0.09755
		outer loop
			vertex -10.50000 7.59906 15.00000
			vertex -9.19239 9.19239 15.00000
			vertex -9.01576 9.01576 12.46383
		endloop
	endfacet
	facet normal -0.76932 0.63137 -0.09755
		outer loop
			vertex -10.50000 7.59906 15.00000
			vertex -9.01576 9.01576 12.46383
			vertex -10.50000 7.20721 12.46383
		endloop
	endfacet
	facet normal -0.76932 0.63137 0.09755
		outer loop
			vertex -10.50000 7.20721 17.53617
			vertex -9.01576 9.01576 17.53617
			vertex -9.19239 9.19239 15.00000
		endloop
	endfacet
	facet normal -0.76932 0.63137 0.09755
		outer loop
			vertex -10.50000 7.20721 17.53617
			vertex -9.19239 9.19239 15.00000
			vertex -10.50000 7.59906 15.00000
		endloop
	endfacet
	facet normal -0.74002 0.60732 -0.28900
		outer loop
			vertex -10.50000 7.01588 12.06176
			vertex -10.50000 7.20721 12.46383
			vertex -9.01576 9.01576 12.46383
		endloop
	endfacet
	facet normal -0.74002 0.60732 -0.28900
		outer loop
			vertex -10.50000 7.01588 12.06176
			vertex -9.01576 9.01576 12.46383
			vertex -8.49266 8.49266 10.02512
		endloop
	endfacet
	facet normal -0.74002 0.60732 -0.28900
		outer loop
			vertex -10.50000 7.01588 12.06176
			vertex -8.49266 8.49266 10.02512
			vertex -9.98631 6.67264 10.02512
		endloop
	endfacet
	facet normal -0.74002 0.60732 0.28900
		outer loop
			vertex -10.50000 7.01588 17.93824
			vertex -9.98631 6.67264 19.97488
			vertex -8.49266 8.49266 19.97488
		endloop
	endfacet
	facet normal -0.74002 0.60732 0.28900
		outer loop
			vertex -10.50000 7.01588 17.93824
			vertex -8.49266 8.49266 19.97488
			vertex -9.01576 9.01576 17.53617
		endloop
	endfacet
	facet normal -0.74002 0.60732 0.28900
		outer loop
			vertex -10.50000 7.01588 17.93824
			vertex -9.01576 9.01576 17.53617
			vertex -10.50000 7.20721 17.53617
		endloop
	endfacet
	facet normal -0.68246 0.56008 -0.46963
		outer loop
			vertex -9.98631 6.67264 10.02512
			vertex -8.49266 8.49266 10.02512
			vertex -7.64319 7.64319 7.77759
		endloop
	endfacet
	facet normal -0.68246 0.56008 -0.46963
		outer loop
			vertex -9.98631 6.67264 10.02512
			vertex -7.64319 7.64319 7.77759
			vertex -8.98744 6.00522 7.77759
		endloop
	endfacet
	facet normal -0.68246 0.56008 0.46963
		outer loop
			vertex -8.98744 6.00522 22.22241
			vertex -7.64319 7.64319 22.22241
			vertex -8.49266 8.49266 19.97488
		endloop
	endfacet
	facet normal -0.68246 0.56008 0.46963
		outer loop
			vertex -8.98744 6.00522 22.22241
			vertex -8.49266 8.49266 19.97488
			vertex -9.98631 6.67264 19.97488
		endloop
	endfacet
	facet normal -0.59870 0.49134 -0.63256
		outer loop
			vertex -8.98744 6.00522 7.77759
			vertex -7.64319 7.64319 7.77759
			vertex -6.50000 6.50000 5.80761
		endloop
	endfacet
	facet normal -0.59870 0.49134 -0.63256
		outer loop
			vertex -8.98744 6.00522 7.77759
			vertex -6.50000 6.50000 5.80761
			vertex -7.64319 5.10702 5.80761
		endloop
	endfacet
	facet normal -0.59870 0.49134 0.63256
		outer loop
			vertex -7.64319 5.10702 24.19239
			vertex -6.50000 6.50000 24.19239
			vertex -7.64319 7.64319 22.22241
		endloop
	endfacet
	facet normal -0.59870 0.49134 0.63256
		outer loop
			vertex -7.64319 5.10702 24.19239
			vertex -7.64319 7.64319 22.22241
			vertex -8.98744 6.00522 22.22241
		endloop
	endfacet
	facet normal -0.49181 0.40362 -0.77151
		outer loop
			vertex -6.31839 4.22181 4.50000
			vertex -7.64319 5.10702 5.80761
			vertex -6.50000 6.50000 5.80761
		endloop
	endfacet
	facet normal -0.49181 0.40362 -0.77151
		outer loop
			vertex -6.31839 4.22181 4.50000
			vertex -6.50000 6.50000 5.80761
			vertex -5.37335 5.37335 4.50000
		endloop
	endfacet
	facet normal -0.49181 0.40362 0.77151
		outer loop
			vertex -6.31839 4.22181 25.50000
			vertex -5.37335 5.37335 25.50000
			vertex -6.50000 6.50000 24.19239
		endloop
	endfacet
	facet normal -0.49181 0.40362 0.77151
		outer loop
			vertex -6.31839 4.22181 25.50000
			vertex -6.50000 6.50000 24.19239
			vertex -7.64319 5.10702 24.19239
		endloop
	endfacet
	facet normal -0.63137 0.76932 -0.09755
		outer loop
			vertex -9.19239 9.19239 15.00000
			vertex -7.59906 10.50000 15.00000
			vertex -7.20721 10.50000 12.46383
		endloop
	endfacet
	facet normal -0.63137 0.76932 -0.09755
		outer loop
			vertex -9.19239 9.19239 15.00000
			vertex -7.20721 10.50000 12.46383
			vertex -9.01576 9.01576 12.46383
		endloop
	endfacet
	facet normal -0.63137 0.76932 0.09755
		outer loop
			vertex -9.01576 9.01576 17.53617
			vertex -7.20721 10.50000 17.53617
			vertex -7.59906 10.50000 15.00000
		endloop
	endfacet
	facet normal -0.63137 0.76932 0.09755
		outer loop
			vertex -9.01576 9.01576 17.53617
			vertex -7.59906 10.50000 15.00000
			vertex -9.19239 9.19239 15.00000
		endloop
	endfacet
	facet normal -0.60732 0.74002 -0.28900
		outer loop
			vertex -9.01576 9.01576 12.46383
			vertex -7.20721 10.50000 12.46383
			vertex -7.01588 10.50000 12.06176
		endloop
	endfacet
	facet normal -0.60732 0.74002 -0.28900
		outer loop
			vertex -9.01576 9.01576 12.46383
			vertex -7.01588 10.50000 12.06176
			vertex -6.67264 9.98631 10.02512
		endloop
	endfacet
	facet normal -0.60732 0.74002 -0.28900
		outer loop
			vertex -9.01576 9.01576 12.46383
			vertex -6.67264 9.98631 10.02512
			vertex -8.49266 8.49266 10.02512
		endloop
	endfacet
	facet normal -0.60732 0.74002 0.28900
		outer loop
			vertex -8.49266 8.49266 19.97488
			vertex -6.67264 9.98631 19.97488
			vertex -7.01588 10.50000 17.93824
		endloop
	endfacet
	facet normal -0.60732 0.74002 0.28900
		outer loop
			vertex -8.49266 8.49266 19.97488
			vertex -7.01588 10.50000 17.93824
			vertex -7.20721 10.50000 17.53617
		endloop
	endfacet
	facet normal -0.60732 0.74002 0.28900
		outer loop
			vertex -8.49266 8.49266 19.97488
			vertex -7.20721 10.50000 17.53617
			vertex -9.01576 9.01576 17.53617
		endloop
	endfacet
	facet normal -0.56008 0.68246 -0.46963
		outer loop
			vertex -8.49266 8.49266 10.02512
			vertex -6.67264 9.98631 10.02512
			vertex -6.00522 8.98744 7.77759
		endloop
	endfacet
	facet normal -0.56008 0.68246 -0.46963
		outer loop
			vertex -8.49266 8.49266 10.02512
			vertex -6.00522 8.98744 7.77759
			vertex -7.64319 7.64319 7.77759
		endloop
	endfacet
	facet normal -0.56008 0.68246 0.46963
		outer loop
			vertex -7.64319 7.64319 22.22241
			vertex -6.00522 8.98744 22.22241
			vertex -6.67264 9.98631 19.97488
		endloop
	endfacet
	facet normal -0.56008 0.68246 0.46963
		outer loop
			vertex -7.64319 7.64319 22.22241
			vertex -6.67264 9.98631 19.97488
			vertex -8.49266 8.49266 19.97488
		endloop
	endfacet
	facet normal -0.49134 0.59870 -0.63256
		outer loop
			vertex -7.64319 7.64319 7.77759
			vertex -6.00522 8.98744 7.77759
			vertex -5.10702 7.64319 5.80761
		endloop
	endfacet
	facet normal -0.49134 0.59870 -0.63256
		outer loop
			vertex -7.64319 7.64319 7.77759
			vertex -5.10702 7.64319 5.80761
			vertex -6.50000 6.50000 5.80761
		endloop
	endfacet
	facet normal -0.49134 0.59870 0.63256
		outer loop
			vertex -6.50000 6.50000 24.19239
			vertex -5.10702 7.64319 24.19239
			vertex -6.00522 8.98744 22.22241
		endloop
	endfacet
	facet normal -0.49134 0.59870 0.63256
		outer loop
			vertex -6.50000 6.50000 24.19239
			vertex -6.00522 8.98744 22.22241
			vertex -7.64319 7.64319 22.22241
		endloop
	endfacet
	facet normal -0.40362 0.49181 -0.77151
		outer loop
			vertex -5.37335 5.37335 4.50000
			vertex -6.50000 6.50000 5.80761
			vertex -5.10702 7.64319 5.80761
		endloop
	endfacet
	facet normal -0.40362 0.49181 -0.77151
		outer loop
			vertex -5.37335 5.37335 4.50000
			vertex -5.10702 7.64319 5.80761
			vertex -4.22181 6.31839 4.50000
		endloop
	endfacet
	facet normal -0.40362 0.49181 0.77151
		outer loop
			vertex -5.37335 5.37335 25.50000
			vertex -4.22181 6.31839 25.50000
			vertex -5.10702 7.64319 24.19239
		endloop
	endfacet
	facet normal -0.40362 0.49181 0.77151
		outer loop
			vertex -5.37335 5.37335 25.50000
			vertex -5.10702 7.64319 24.19239
			vertex -6.50000 6.50000 24.19239
		endloop
	endfacet
	facet normal -0.45128 0.84429 -0.28900
		outer loop
			vertex -7.01588 10.50000 12.06176
			vertex -5.71159 10.50000 10.02512
			vertex -6.67264 9.98631 10.02512
		endloop
	endfacet
	facet normal -0.45128 0.84429 0.28900
		outer loop
			vertex -7.01588 10.50000 17.93824
			vertex -6.67264 9.98631 19.97488
			vertex -5.71159 10.50000 19.97488
		endloop
	endfacet
	facet normal -0.41618 0.77862 -0.46963
		outer loop
			vertex -6.67264 9.98631 10.02512
			vertex -5.71159 10.50000 10.02512
			vertex -4.34924 10.50000 8.81781
		endloop
	endfacet
	facet normal -0.41618 0.77862 -0.46963
		outer loop
			vertex -6.67264 9.98631 10.02512
			vertex -4.34924 10.50000 8.81781
			vertex -4.13647 9.98631 7.77759
		endloop
	endfacet
	facet normal -0.41618 0.77862 -0.46963
		outer loop
			vertex -6.67264 9.98631 10.02512
			vertex -4.13647 9.98631 7.77759
			vertex -6.00522 8.98744 7.77759
		endloop
	endfacet
	facet normal -0.41618 0.77862 0.46963
		outer loop
			vertex -6.00522 8.98744 22.22241
			vertex -4.13647 9.98631 22.22241
			vertex -4.34924 10.50000 21.18219
		endloop
	endfacet
	facet normal -0.41618 0.77862 0.46963
		outer loop
			vertex -6.00522 8.98744 22.22241
			vertex -4.34924 10.50000 21.18219
			vertex -5.71159 10.50000 19.97488
		endloop
	endfacet
	facet normal -0.41618 0.77862 0.46963
		outer loop
			vertex -6.00522 8.98744 22.22241
			vertex -5.71159 10.50000 19.97488
			vertex -6.67264 9.98631 19.97488
		endloop
	endfacet
	facet normal -0.36510 0.68306 -0.63256
		outer loop
			vertex -6.00522 8.98744 7.77759
			vertex -4.13647 9.98631 7.77759
			vertex -3.51777 8.49266 5.80761
		endloop
	endfacet
	facet normal -0.36510 0.68306 -0.63256
		outer loop
			vertex -6.00522 8.98744 7.77759
			vertex -3.51777 8.49266 5.80761
			vertex -5.10702 7.64319 5.80761
		endloop
	endfacet
	facet normal -0.36510 0.68306 0.63256
		outer loop
			vertex -5.10702 7.64319 24.19239
			vertex -3.51777 8.49266 24.19239
			vertex -4.13647 9.98631 22.22241
		endloop
	endfacet
	facet normal -0.36510 0.68306 0.63256
		outer loop
			vertex -5.10702 7.64319 24.19239
			vertex -4.13647 9.98631 22.22241
			vertex -6.00522 8.98744 22.22241
		endloop
	endfacet
	facet normal -0.29991 0.56110 -0.77151
		outer loop
			vertex -4.22181 6.31839 4.50000
			vertex -5.10702 7.64319 5.80761
			vertex -3.51777 8.49266 5.80761
		endloop
	endfacet
	facet normal -0.29991 0.56110 -0.77151
		outer loop
			vertex -4.22181 6.31839 4.50000
			vertex -3.51777 8.49266 5.80761
			vertex -2.90803 7.02061 4.50000
		endloop
	endfacet
	facet normal -0.29991 0.56110 0.77151
		outer loop
			vertex -4.22181 6.31839 25.50000
			vertex -2.90803 7.02061 25.50000
			vertex -3.51777 8.49266 24.19239
		endloop
	endfacet
	facet normal -0.29991 0.56110 0.77151
		outer loop
			vertex -4.22181 6.31839 25.50000
			vertex -3.51777 8.49266 24.19239
			vertex -5.10702 7.64319 24.19239
		endloop
	endfacet
	facet normal -0.25628 0.84485 -0.46963
		outer loop
			vertex -4.34924 10.50000 8.81781
			vertex -2.44306 10.50000 7.77759
			vertex -4.13647 9.98631 7.77759
		endloop
	endfacet
	facet normal -0.25628 0.84485 0.46963
		outer loop
			vertex -4.34924 10.50000 21.18219
			vertex -4.13647 9.98631 22.22241
			vertex -2.44306 10.50000 22.22241
		endloop
	endfacet
	facet normal -0.22483 0.74116 -0.63256
		outer loop
			vertex -4.13647 9.98631 7.77759
			vertex -2.44306 10.50000 7.77759
			vertex -2.08858 10.50000 7.65160
		endloop
	endfacet
	facet normal -0.22483 0.74116 -0.63256
		outer loop
			vertex -4.13647 9.98631 7.77759
			vertex -2.08858 10.50000 7.65160
			vertex -1.79335 9.01576 5.80761
		endloop
	endfacet
	facet normal -0.22483 0.74116 -0.63256
		outer loop
			vertex -4.13647 9.98631 7.77759
			vertex -1.79335 9.01576 5.80761
			vertex -3.51777 8.49266 5.80761
		endloop
	endfacet
	facet normal -0.22483 0.74116 0.63256
		outer loop
			vertex -3.51777 8.49266 24.19239
			vertex -1.79335 9.01576 24.19239
			vertex -2.08858 10.50000 22.34840
		endloop
	endfacet
	facet normal -0.22483 0.74116 0.63256
		outer loop
			vertex -3.51777 8.49266 24.19239
			vertex -2.08858 10.50000 22.34840
			vertex -2.44306 10.50000 22.22241
		endloop
	endfacet
	facet normal -0.22483 0.74116 0.63256
		outer loop
			vertex -3.51777 8.49266 24.19239
			vertex -2.44306 10.50000 22.22241
			vertex -4.13647 9.98631 22.22241
		endloop
	endfacet
	facet normal -0.18469 0.60883 -0.77151
		outer loop
			vertex -2.90803 7.02061 4.50000
			vertex -3.51777 8.49266 5.80761
			vertex -1.79335 9.01576 5.80761
		endloop
	endfacet
	facet normal -0.18469 0.60883 -0.77151
		outer loop
			vertex -2.90803 7.02061 4.50000
			vertex -1.79335 9.01576 5.80761
			vertex -1.48250 7.45304 4.50000
		endloop
	endfacet
	facet normal -0.18469 0.60883 0.77151
		outer loop
			vertex -2.90803 7.02061 25.50000
			vertex -1.48250 7.45304 25.50000
			vertex -1.79335 9.01576 24.19239
		endloop
	endfacet
	facet normal -0.18469 0.60883 0.77151
		outer loop
			vertex -2.90803 7.02061 25.50000
			vertex -1.79335 9.01576 24.19239
			vertex -3.51777 8.49266 24.19239
		endloop
	endfacet
	facet normal -0.07592 0.77078 -0.63256
		outer loop
			vertex -2.08858 10.50000 7.65160
			vertex -0.00000 10.50000 7.40094
			vertex -0.00000 9.19239 5.80761
		endloop
	endfacet
	facet normal -0.07592 0.77078 -0.63256
		outer loop
			vertex -2.08858 10.50000 7.65160
			vertex -0.00000 9.19239 5.80761
			vertex -1.79335 9.01576 5.80761
		endloop
	endfacet
	facet normal -0.07592 0.77078 0.63256
		outer loop
			vertex -2.08858 10.50000 22.34840
			vertex -1.79335 9.01576 24.19239
			vertex -0.00000 9.19239 24.19239
		endloop
	endfacet
	facet normal -0.07592 0.77078 0.63256
		outer loop
			vertex -2.08858 10.50000 22.34840
			vertex -0.00000 9.19239 24.19239
			vertex -0.00000 10.50000 22.59906
		endloop
	endfacet
	facet normal -0.06236 0.63316 -0.77151
		outer loop
			vertex -1.48250 7.45304 4.50000
			vertex -1.79335 9.01576 5.80761
			vertex -0.00000 9.19239 5.80761
		endloop
	endfacet
	facet normal -0.06236 0.63316 -0.77151
		outer loop
			vertex -1.48250 7.45304 4.50000
			vertex -0.00000 9.19239 5.80761
			vertex -0.00000 7.59906 4.50000
		endloop
	endfacet
	facet normal -0.06236 0.63316 0.77151
		outer loop
			vertex -1.48250 7.45304 25.50000
			vertex -0.00000 7.59906 25.50000
			vertex -0.00000 9.19239 24.19239
		endloop
	endfacet
	facet normal -0.06236 0.63316 0.77151
		outer loop
			vertex -1.48250 7.45304 25.50000
			vertex -0.00000 9.19239 24.19239
			vertex -1.79335 9.01576 24.19239
		endloop
	endfacet
	facet normal 0.07592 0.77078 -0.63256
		outer loop
			vertex -0.00000 10.50000 7.40094
			vertex 2.08858 10.50000 7.65160
			vertex 1.79335 9.01576 5.80761
		endloop
	endfacet
	facet normal 0.07592 0.77078 -0.63256
		outer loop
			vertex -0.00000 10.50000 7.40094
			vertex 1.79335 9.01576 5.80761
			vertex -0.00000 9.19239 5.80761
		endloop
	endfacet
	facet normal 0.07592 0.77078 0.63256
		outer loop
			vertex -0.00000 10.50000 22.59906
			vertex -0.00000 9.19239 24.19239
			vertex 1.79335 9.01576 24.19239
		endloop
	endfacet
	facet normal 0.07592 0.77078 0.63256
		outer loop
			vertex -0.00000 10.50000 22.59906
			vertex 1.79335 9.01576 24.19239
			vertex 2.08858 10.50000 22.34840
		endloop
	endfacet
	facet normal 0.06236 0.63316 -0.77151
		outer loop
			vertex -0.00000 7.59906 4.50000
			vertex -0.00000 9.19239 5.80761
			vertex 1.79335 9.01576 5.80761
		endloop
	endfacet
	facet normal 0.06236 0.63316 -0.77151
		outer loop
			vertex -0.00000 7.59906 4.50000
			vertex 1.79335 9.01576 5.80761
			vertex 1.48250 7.45304 4.50000
		endloop
	endfacet
	facet normal 0.06236 0.63316 0.77151
		outer loop
			vertex -0.00000 7.59906 25.50000
			vertex 1.48250 7.45304 25.50000
			vertex 1.79335 9.01576 24.19239
		endloop
	endfacet
	facet normal 0.06236 0.63316 0.77151
		outer loop
			vertex -0.00000 7.59906 25.50000
			vertex 1.79335 9.01576 24.19239
			vertex -0.00000 9.19239 24.19239
		endloop
	endfacet
	facet normal 0.25628 0.84485 -0.46963
		outer loop
			vertex 4.34924 10.50000 8.81781
			vertex 4.13647 9.98631 7.77759
			vertex 2.44306 10.50000 7.77759
		endloop
	endfacet
	facet normal 0.25628 0.84485 0.46963
		outer loop
			vertex 2.44306 10.50000 22.22241
			vertex 4.13647 9.98631 22.22241
			vertex 4.34924 10.50000 21.18219
		endloop
	endfacet
	facet normal 0.22483 0.74116 -0.63256
		outer loop
			vertex 2.08858 10.50000 7.65160
			vertex 2.44306 10.50000 7.77759
			vertex 4.13647 9.98631 7.77759
		endloop
	endfacet
	facet normal 0.22483 0.74116 -0.63256
		outer loop
			vertex 2.08858 10.50000 7.65160
			vertex 4.13647 9.98631 7.77759
			vertex 3.51777 8.49266 5.80761
		endloop
	endfacet
	facet normal 0.22483 0.74116 -0.63256
		outer loop
			vertex 2.08858 10.50000 7.65160
			vertex 3.51777 8.49266 5.80761
			vertex 1.79335 9.01576 5.80761
		endloop
	endfacet
	facet normal 0.22483 0.74116 0.63256
		outer loop
			vertex 2.08858 10.50000 22.34840
			vertex 1.79335 9.01576 24.19239
			vertex 3.51777 8.49266 24.19239
		endloop
	endfacet
	facet normal 0.22483 0.74116 0.63256
		outer loop
			vertex 2.08858 10.50000 22.34840
			vertex 3.51777 8.49266 24.19239
			vertex 4.13647 9.98631 22.22241
		endloop
	endfacet
	facet normal 0.22483 0.74116 0.63256
		outer loop
			vertex 2.08858 10.50000 22.34840
			vertex 4.13647 9.98631 22.22241
			vertex 2.44306 10.50000 22.22241
		endloop
	endfacet
	facet normal 0.18469 0.60883 -0.77151
		outer loop
			vertex 1.48250 7.45304 4.50000
			vertex 1.79335 9.01576 5.80761
			vertex 3.51777 8.49266 5.80761
		endloop
	endfacet
	facet normal 0.18469 0.60883 -0.77151
		outer loop
			vertex 1.48250 7.45304 4.50000
			vertex 3.51777 8.49266 5.80761
			vertex 2.90803 7.02061 4.50000
		endloop
	endfacet
	facet normal 0.18469 0.60883 0.77151
		outer loop
			vertex 1.48250 7.45304 25.50000
			vertex 2.90803 7.02061 25.50000
			vertex 3.51777 8.49266 24.19239
		endloop
	endfacet
	facet normal 0.18469 0.60883 0.77151
		outer loop
			vertex 1.48250 7.45304 25.50000
			vertex 3.51777 8.49266 24.19239
			vertex 1.79335 9.01576 24.19239
		endloop
	endfacet
	facet normal 0.45128 0.84429 -0.28900
		outer loop
			vertex 7.01588 10.50000 12.06176
			vertex 6.67264 9.98631 10.02512
			vertex 5.71159 10.50000 10.02512
		endloop
	endfacet
	facet normal 0.45128 0.84429 0.28900
		outer loop
			vertex 5.71159 10.50000 19.97488
			vertex 6.67264 9.98631 19.97488
			vertex 7.01588 10.50000 17.93824
		endloop
	endfacet
	facet normal 0.41618 0.77862 -0.46963
		outer loop
			vertex 4.34924 10.50000 8.81781
			vertex 5.71159 10.50000 10.02512
			vertex 6.67264 9.98631 10.02512
		endloop
	endfacet
	facet normal 0.41618 0.77862 -0.46963
		outer loop
			vertex 4.34924 10.50000 8.81781
			vertex 6.67264 9.98631 10.02512
			vertex 6.00522 8.98744 7.77759
		endloop
	endfacet
	facet normal 0.41618 0.77862 -0.46963
		outer loop
			vertex 4.34924 10.50000 8.81781
			vertex 6.00522 8.98744 7.77759
			vertex 4.13647 9.98631 7.77759
		endloop
	endfacet
	facet normal 0.41618 0.77862 0.46963
		outer loop
			vertex 4.34924 10.50000 21.18219
			vertex 4.13647 9.98631 22.22241
			vertex 6.00522 8.98744 22.22241
		endloop
	endfacet
	facet normal 0.41618 0.77862 0.46963
		outer loop
			vertex 4.34924 10.50000 21.18219
			vertex 6.00522 8.98744 22.22241
			vertex 6.67264 9.98631 19.97488
		endloop
	endfacet
	facet normal 0.41618 0.77862 0.46963
		outer loop
			vertex 4.34924 10.50000 21.18219
			vertex 6.67264 9.98631 19.97488
			vertex 5.71159 10.50000 19.97488
		endloop
	endfacet
	facet normal 0.36510 0.68306 -0.63256
		outer loop
			vertex 4.13647 9.98631 7.77759
			vertex 6.00522 8.98744 7.77759
			vertex 5.10702 7.64319 5.80761
		endloop
	endfacet
	facet normal 0.36510 0.68306 -0.63256
		outer loop
			vertex 4.13647 9.98631 7.77759
			vertex 5.10702 7.64319 5.80761
			vertex 3.51777 8.49266 5.80761
		endloop
	endfacet
	facet normal 0.36510 0.68306 0.63256
		outer loop
			vertex 3.51777 8.49266 24.19239
			vertex 5.10702 7.64319 24.19239
			vertex 6.00522 8.98744 22.22241
		endloop
	endfacet
	facet normal 0.36510 0.68306 0.63256
		outer loop
			vertex 3.51777 8.49266 24.19239
			vertex 6.00522 8.98744 22.22241
			vertex 4.13647 9.98631 22.22241
		endloop
	endfacet
	facet normal 0.29991 0.56110 -0.77151
		outer loop
			vertex 2.90803 7.02061 4.50000
			vertex 3.51777 8.49266 5.80761
			vertex 5.10702 7.64319 5.80761
		endloop
	endfacet
	facet normal 0.29991 0.56110 -0.77151
		outer loop
			vertex 2.90803 7.02061 4.50000
			vertex 5.10702 7.64319 5.80761
			vertex 4.22181 6.31839 4.50000
		endloop
	endfacet
	facet normal 0.29991 0.56110 0.77151
		outer loop
			vertex 2.90803 7.02061 25.50000
			vertex 4.22181 6.31839 25.50000
			vertex 5.10702 7.64319 24.19239
		endloop
	endfacet
	facet normal 0.29991 0.56110 0.77151
		outer loop
			vertex 2.90803 7.02061 25.50000
			vertex 5.10702 7.64319 24.19239
			vertex 3.51777 8.49266 24.19239
		endloop
	endfacet
	facet normal 0.63137 0.76932 -0.09755
		outer loop
			vertex 7.59906 10.50000 15.00000
			vertex 9.19239 9.19239 15.00000
			vertex 9.01576 9.01576 12.46383
		endloop
	endfacet
	facet normal 0.63137 0.76932 -0.09755
		outer loop
			vertex 7.59906 10.50000 15.00000
			vertex 9.01576 9.01576 12.46383
			vertex 7.20721 10.50000 12.46383
		endloop
	endfacet
	facet normal 0.63137 0.76932 0.09755
		outer loop
			vertex 7.20721 10.50000 17.53617
			vertex 9.01576 9.01576 17.53617
			vertex 9.19239 9.19239 15.00000
		endloop
	endfacet
	facet normal 0.63137 0.76932 0.09755
		outer loop
			vertex 7.20721 10.50000 17.53617
			vertex 9.19239 9.19239 15.00000
			vertex 7.59906 10.50000 15.00000
		endloop
	endfacet
	facet normal 0.60732 0.74002 -0.28900
		outer loop
			vertex 7.01588 10.50000 12.06176
			vertex 7.20721 10.50000 12.46383
			vertex 9.01576 9.01576 12.46383
		endloop
	endfacet
	facet normal 0.60732 0.74002 -0.28900
		outer loop
			vertex 7.01588 10.50000 12.06176
			vertex 9.01576 9.01576 12.46383
			vertex 8.49266 8.49266 10.02512
		endloop
	endfacet
	facet normal 0.60732 0.74002 -0.28900
		outer loop
			vertex 7.01588 10.50000 12.06176
			vertex 8.49266 8.49266 10.02512
			vertex 6.67264 9.98631 10.02512
		endloop
	endfacet
	facet normal 0.60732 0.74002 0.28900
		outer loop
			vertex 7.01588 10.50000 17.93824
			vertex 6.67264 9.98631 19.97488
			vertex 8.49266 8.49266 19.97488
		endloop
	endfacet
	facet normal 0.60732 0.74002 0.28900
		outer loop
			vertex 7.01588 10.50000 17.93824
			vertex 8.49266 8.49266 19.97488
			vertex 9.01576 9.01576 17.53617
		endloop
	endfacet
	facet normal 0.60732 0.74002 0.28900
		outer loop
			vertex 7.01588 10.50000 17.93824
			vertex 9.01576 9.01576 17.53617
			vertex 7.20721 10.50000 17.53617
		endloop
	endfacet
	facet normal 0.56008 0.68246 -0.46963
		outer loop
			vertex 6.67264 9.98631 10.02512
			vertex 8.49266 8.49266 10.02512
			vertex 7.64319 7.64319 7.77759
		endloop
	endfacet
	facet normal 0.56008 0.68246 -0.46963
		outer loop
			vertex 6.67264 9.98631 10.02512
			vertex 7.64319 7.64319 7.77759
			vertex 6.00522 8.98744 7.77759
		endloop
	endfacet
	facet normal 0.56008 0.68246 0.46963
		outer loop
			vertex 6.00522 8.98744 22.22241
			vertex 7.64319 7.64319 22.22241
			vertex 8.49266 8.49266 19.97488
		endloop
	endfacet
	facet normal 0.56008 0.68246 0.46963
		outer loop
			vertex 6.00522 8.98744 22.22241
			vertex 8.49266 8.49266 19.97488
			vertex 6.67264 9.98631 19.97488
		endloop
	endfacet
	facet normal 0.49134 0.59870 -0.63256
		outer loop
			vertex 6.00522 8.98744 7.77759
			vertex 7.64319 7.64319 7.77759
			vertex 6.50000 6.50000 5.80761
		endloop
	endfacet
	facet normal 0.49134 0.59870 -0.63256
		outer loop
			vertex 6.00522 8.98744 7.77759
			vertex 6.50000 6.50000 5.80761
			vertex 5.10702 7.64319 5.80761
		endloop
	endfacet
	facet normal 0.49134 0.59870 0.63256
		outer loop
			vertex 5.10702 7.64319 24.19239
			vertex 6.50000 6.50000 24.19239
			vertex 7.64319 7.64319 22.22241
		endloop
	endfacet
	facet normal 0.49134 0.59870 0.63256
		outer loop
			vertex 5.10702 7.64319 24.19239
			vertex 7.64319 7.64319 22.22241
			vertex 6.00522 8.98744 22.22241
		endloop
	endfacet
	facet normal 0.40362 0.49181 -0.77151
		outer loop
			vertex 4.22181 6.31839 4.50000
			vertex 5.10702 7.64319 5.80761
			vertex 6.50000 6.50000 5.80761
		endloop
	endfacet
	facet normal 0.40362 0.49181 -0.77151
		outer loop
			vertex 4.22181 6.31839 4.50000
			vertex 6.50000 6.50000 5.80761
			vertex 5.37335 5.37335 4.50000
		endloop
	endfacet
	facet normal 0.40362 0.49181 0.77151
		outer loop
			vertex 4.22181 6.31839 25.50000
			vertex 5.37335 5.37335 25.50000
			vertex 6.50000 6.50000 24.19239
		endloop
	endfacet
	facet normal 0.40362 0.49181 0.77151
		outer loop
			vertex 4.22181 6.31839 25.50000
			vertex 6.50000 6.50000 24.19239
			vertex 5.10702 7.64319 24.19239
		endloop
	endfacet
	facet normal 0.76932 0.63137 -0.09755
		outer loop
			vertex 9.19239 9.19239 15.00000
			vertex 10.50000 7.59906 15.00000
			vertex 10.50000 7.20721 12.46383
		endloop
	endfacet
	facet normal 0.76932 0.63137 -0.09755
		outer loop
			vertex 9.19239 9.19239 15.00000
			vertex 10.50000 7.20721 12.46383
			vertex 9.01576 9.01576 12.46383
		endloop
	endfacet
	facet normal 0.76932 0.63137 0.09755
		outer loop
			vertex 9.01576 9.01576 17.53617
			vertex 10.50000 7.20721 17.53617
			vertex 10.50000 7.59906 15.00000
		endloop
	endfacet
	facet normal 0.76932 0.63137 0.09755
		outer loop
			vertex 9.01576 9.01576 17.53617
			vertex 10.50000 7.59906 15.00000
			vertex 9.19239 9.19239 15.00000
		endloop
	endfacet
	facet normal 0.74002 0.60732 -0.28900
		outer loop
			vertex 9.01576 9.01576 12.46383
			vertex 10.50000 7.20721 12.46383
			vertex 10.50000 7.01588 12.06176
		endloop
	endfacet
	facet normal 0.74002 0.60732 -0.28900
		outer loop
			vertex 9.01576 9.01576 12.46383
			vertex 10.50000 7.01588 12.06176
			vertex 9.98631 6.67264 10.02512
		endloop
	endfacet
	facet normal 0.74002 0.60732 -0.28900
		outer loop
			vertex 9.01576 9.01576 12.46383
			vertex 9.98631 6.67264 10.02512
			vertex 8.49266 8.49266 10.02512
		endloop
	endfacet
	facet normal 0.74002 0.60732 0.28900
		outer loop
			vertex 8.49266 8.49266 19.97488
			vertex 9.98631 6.67264 19.97488
			vertex 10.50000 7.01588 17.93824
		endloop
	endfacet
	facet normal 0.74002 0.60732 0.28900
		outer loop
			vertex 8.49266 8.49266 19.97488
			vertex 10.50000 7.01588 17.93824
			vertex 10.50000 7.20721 17.53617
		endloop
	endfacet
	facet normal 0.74002 0.60732 0.28900
		outer loop
			vertex 8.49266 8.49266 19.97488
			vertex 10.50000 7.20721 17.53617
			vertex 9.01576 9.01576 17.53617
		endloop
	endfacet
	facet normal 0.68246 0.56008 -0.46963
		outer loop
			vertex 8.49266 8.49266 10.02512
			vertex 9.98631 6.67264 10.02512
			vertex 8.98744 6.00522 7.77759
		endloop
	endfacet
	facet normal 0.68246 0.56008 -0.46963
		outer loop
			vertex 8.49266 8.49266 10.02512
			vertex 8.98744 6.00522 7.77759
			vertex 7.64319 7.64319 7.77759
		endloop
	endfacet
	facet normal 0.68246 0.56008 0.46963
		outer loop
			vertex 7.64319 7.64319 22.22241
			vertex 8.98744 6.00522 22.22241
			vertex 9.98631 6.67264 19.97488
		endloop
	endfacet
	facet normal 0.68246 0.56008 0.46963
		outer loop
			vertex 7.64319 7.64319 22.22241
			vertex 9.98631 6.67264 19.97488
			vertex 8.49266 8.49266 19.97488
		endloop
	endfacet
	facet normal 0.59870 0.49134 -0.63256
		outer loop
			vertex 7.64319 7.64319 7.77759
			vertex 8.98744 6.00522 7.77759
			vertex 7.64319 5.10702 5.80761
		endloop
	endfacet
	facet normal 0.59870 0.49134 -0.63256
		outer loop
			vertex 7.64319 7.64319 7.77759
			vertex 7.64319 5.10702 5.80761
			vertex 6.50000 6.50000 5.80761
		endloop
	endfacet
	facet normal 0.59870 0.49134 0.63256
		outer loop
			vertex 6.50000 6.50000 24.19239
			vertex 7.64319 5.10702 24.19239
			vertex 8.98744 6.00522 22.22241
		endloop
	endfacet
	facet normal 0.59870 0.49134 0.63256
		outer loop
			vertex 6.50000 6.50000 24.19239
			vertex 8.98744 6.00522 22.22241
			vertex 7.64319 7.64319 22.22241
		endloop
	endfacet
	facet normal 0.49181 0.40362 -0.77151
		outer loop
			vertex 5.37335 5.37335 4.50000
			vertex 6.50000 6.50000 5.80761
			vertex 7.64319 5.10702 5.80761
		endloop
	endfacet
	facet normal 0.49181 0.40362 -0.77151
		outer loop
			vertex 5.37335 5.37335 4.50000
			vertex 7.64319 5.10702 5.80761
			vertex 6.31839 4.22181 4.50000
		endloop
	endfacet
	facet normal 0.49181 0.40362 0.77151
		outer loop
			vertex 5.37335 5.37335 25.50000
			vertex 6.31839 4.22181 25.50000
			vertex 7.64319 5.10702 24.19239
		endloop
	endfacet
	facet normal 0.49181 0.40362 0.77151
		outer loop
			vertex 5.37335 5.37335 25.50000
			vertex 7.64319 5.10702 24.19239
			vertex 6.50000 6.50000 24.19239
		endloop
	endfacet
	facet normal 0.84429 0.45128 -0.28900
		outer loop
			vertex 10.50000 7.01588 12.06176
			vertex 10.50000 5.71159 10.02512
			vertex 9.98631 6.67264 10.02512
		endloop
	endfacet
	facet normal 0.84429 0.45128 0.28900
		outer loop
			vertex 10.50000 7.01588 17.93824
			vertex 9.98631 6.67264 19.97488
			vertex 10.50000 5.71159 19.97488
		endloop
	endfacet
	facet normal 0.77862 0.41618 -0.46963
		outer loop
			vertex 9.98631 6.67264 10.02512
			vertex 10.50000 5.71159 10.02512
			vertex 10.50000 4.34924 8.81781
		endloop
	endfacet
	facet normal 0.77862 0.41618 -0.46963
		outer loop
			vertex 9.98631 6.67264 10.02512
			vertex 10.50000 4.34924 8.81781
			vertex 9.98631 4.13647 7.77759
		endloop
	endfacet
	facet normal 0.77862 0.41618 -0.46963
		outer loop
			vertex 9.98631 6.67264 10.02512
			vertex 9.98631 4.13647 7.77759
			vertex 8.98744 6.00522 7.77759
		endloop
	endfacet
	facet normal 0.77862 0.41618 0.46963
		outer loop
			vertex 8.98744 6.00522 22.22241
			vertex 9.98631 4.13647 22.22241
			vertex 10.50000 4.34924 21.18219
		endloop
	endfacet
	facet normal 0.77862 0.41618 0.46963
		outer loop
			vertex 8.98744 6.00522 22.22241
			vertex 10.50000 4.34924 21.18219
			vertex 10.50000 5.71159 19.97488
		endloop
	endfacet
	facet normal 0.77862 0.41618 0.46963
		outer loop
			vertex 8.98744 6.00522 22.22241
			vertex 10.50000 5.71159 19.97488
			vertex 9.98631 6.67264 19.97488
		endloop
	endfacet
	facet normal 0.68306 0.36510 -0.63256
		outer loop
			vertex 8.98744 6.00522 7.77759
			vertex 9.98631 4.13647 7.77759
			vertex 8.49266 3.51777 5.80761
		endloop
	endfacet
	facet normal 0.68306 0.36510 -0.63256
		outer loop
			vertex 8.98744 6.00522 7.77759
			vertex 8.49266 3.51777 5.80761
			vertex 7.64319 5.10702 5.80761
		endloop
	endfacet
	facet normal 0.68306 0.36510 0.63256
		outer loop
			vertex 7.64319 5.10702 24.19239
			vertex 8.49266 3.51777 24.19239
			vertex 9.98631 4.13647 22.22241
		endloop
	endfacet
	facet normal 0.68306 0.36510 0.63256
		outer loop
			vertex 7.64319 5.10702 24.19239
			vertex 9.98631 4.13647 22.22241
			vertex 8.98744 6.00522 22.22241
		endloop
	endfacet
	facet normal 0.56110 0.29991 -0.77151
		outer loop
			vertex 6.31839 4.22181 4.50000
			vertex 7.64319 5.10702 5.80761
			vertex 8.49266 3.51777 5.80761
		endloop
	endfacet
	facet normal 0.56110 0.29991 -0.77151
		outer loop
			vertex 6.31839 4.22181 4.50000
			vertex 8.49266 3.51777 5.80761
			vertex 7.02061 2.90803 4.50000
		endloop
	endfacet
	facet normal 0.56110 0.29991 0.77151
		outer loop
			vertex 6.31839 4.22181 25.50000
			vertex 7.02061 2.90803 25.50000
			vertex 8.49266 3.51777 24.19239
		endloop
	endfacet
	facet normal 0.56110 0.29991 0.77151
		outer loop
			vertex 6.31839 4.22181 25.50000
			vertex 8.49266 3.51777 24.19239
			vertex 7.64319 5.10702 24.19239
		endloop
	endfacet
	facet normal 0.84485 0.25628 -0.46963
		outer loop
			vertex 10.50000 4.34924 8.81781
			vertex 10.50000 2.44306 7.77759
			vertex 9.98631 4.13647 7.77759
		endloop
	endfacet
	facet normal 0.84485 0.25628 0.46963
		outer loop
			vertex 10.50000 4.34924 21.18219
			vertex 9.98631 4.13647 22.22241
			vertex 10.50000 2.44306 22.22241
		endloop
	endfacet
	facet normal 0.74116 0.22483 -0.63256
		outer loop
			vertex 9.98631 4.13647 7.77759
			vertex 10.50000 2.44306 7.77759
			vertex 10.50000 2.08858 7.65160
		endloop
	endfacet
	facet normal 0.74116 0.22483 -0.63256
		outer loop
			vertex 9.98631 4.13647 7.77759
			vertex 10.50000 2.08858 7.65160
			vertex 9.01576 1.79335 5.80761
		endloop
	endfacet
	facet normal 0.74116 0.22483 -0.63256
		outer loop
			vertex 9.98631 4.13647 7.77759
			vertex 9.01576 1.79335 5.80761
			vertex 8.49266 3.51777 5.80761
		endloop
	endfacet
	facet normal 0.74116 0.22483 0.63256
		outer loop
			vertex 8.49266 3.51777 24.19239
			vertex 9.01576 1.79335 24.19239
			vertex 10.50000 2.08858 22.34840
		endloop
	endfacet
	facet normal 0.74116 0.22483 0.63256
		outer loop
			vertex 8.49266 3.51777 24.19239
			vertex 10.50000 2.08858 22.34840
			vertex 10.50000 2.44306 22.22241
		endloop
	endfacet
	facet normal 0.74116 0.22483 0.63256
		outer loop
			vertex 8.49266 3.51777 24.19239
			vertex 10.50000 2.44306 22.22241
			vertex 9.98631 4.13647 22.22241
		endloop
	endfacet
	facet normal 0.60883 0.18469 -0.77151
		outer loop
			vertex 7.02061 2.90803 4.50000
			vertex 8.49266 3.51777 5.80761
			vertex 9.01576 1.79335 5.80761
		endloop
	endfacet
	facet normal 0.60883 0.18469 -0.77151
		outer loop
			vertex 7.02061 2.90803 4.50000
			vertex 9.01576 1.79335 5.80761
			vertex 7.45304 1.48250 4.50000
		endloop
	endfacet
	facet normal 0.60883 0.18469 0.77151
		outer loop
			vertex 7.02061 2.90803 25.50000
			vertex 7.45304 1.48250 25.50000
			vertex 9.01576 1.79335 24.19239
		endloop
	endfacet
	facet normal 0.60883 0.18469 0.77151
		outer loop
			vertex 7.02061 2.90803 25.50000
			vertex 9.01576 1.79335 24.19239
			vertex 8.49266 3.51777 24.19239
		endloop
	endfacet
	facet normal 0.77078 0.07592 -0.63256
		outer loop
			vertex 10.50000 2.08858 7.65160
			vertex 10.50000 0.00000 7.40094
			vertex 9.19239 0.00000 5.80761
		endloop
	endfacet
	facet normal 0.77078 0.07592 -0.63256
		outer loop
			vertex 10.50000 2.08858 7.65160
			vertex 9.19239 0.00000 5.80761
			vertex 9.01576 1.79335 5.80761
		endloop
	endfacet
	facet normal 0.77078 0.07592 0.63256
		outer loop
			vertex 10.50000 2.08858 22.34840
			vertex 9.01576 1.79335 24.19239
			vertex 9.19239 0.00000 24.19239
		endloop
	endfacet
	facet normal 0.77078 0.07592 0.63256
		outer loop
			vertex 10.50000 2.08858 22.34840
			vertex 9.19239 0.00000 24.19239
			vertex 10.50000 0.00000 22.59906
		endloop
	endfacet
	facet normal 0.63316 0.06236 -0.77151
		outer loop
			vertex 7.45304 1.48250 4.50000
			vertex 9.01576 1.79335 5.80761
			vertex 9.19239 0.00000 5.80761
		endloop
	endfacet
	facet normal 0.63316 0.06236 -0.77151
		outer loop
			vertex 7.45304 1.48250 4.50000
			vertex 9.19239 0.00000 5.80761
			vertex 7.59906 0.00000 4.50000
		endloop
	endfacet
	facet normal 0.63316 0.06236 0.77151
		outer loop
			vertex 7.45304 1.48250 25.50000
			vertex 7.59906 0.00000 25.50000
			vertex 9.19239 0.00000 24.19239
		endloop
	endfacet
	facet normal 0.63316 0.06236 0.77151
		outer loop
			vertex 7.45304 1.48250 25.50000
			vertex 9.19239 0.00000 24.19239
			vertex 9.01576 1.79335 24.19239
		endloop
	endfacet
	facet normal -1.00000 0.00000 0.00000
		outer loop
			vertex -10.50000 4.34924 8.81781
			vertex -10.50000 2.44306 7.77759
			vertex -10.50000 2.08858 7.65160
		endloop
	endfacet
	facet normal -1.00000 0.00000 0.00000
		outer loop
			vertex -10.50000 4.34924 8.81781
			vertex -10.50000 2.08858 7.65160
			vertex -10.50000 -0.00000 7.40094
		endloop
	endfacet
	facet normal -1.00000 0.00000 0.00000
		outer loop
			vertex -10.50000 4.34924 8.81781
			vertex -10.50000 -0.00000 7.40094
			vertex -10.50000 -2.08858 7.65160
		endloop
	endfacet
	facet normal -1.00000 0.00000 0.00000
		outer loop
			vertex -10.50000 4.34924 8.81781
			vertex -10.50000 -2.08858 7.65160
			vertex -10.50000 -2.44306 7.77759
		endloop
	endfacet
	facet normal -1.00000 0.00000 0.00000
		outer loop
			vertex -10.50000 4.34924 8.81781
			vertex -10.50000 -2.44306 7.77759
			vertex -10.50000 -4.34924 8.81781
		endloop
	endfacet
	facet normal -1.00000 0.00000 0.00000
		outer loop
			vertex -10.50000 4.34924 8.81781
			vertex -10.50000 -4.34924 8.81781
			vertex -10.50000 -5.71159 10.02512
		endloop
	endfacet
	facet normal -1.00000 0.00000 0.00000
		outer loop
			vertex -10.50000 4.34924 8.81781
			vertex -10.50000 -5.71159 10.02512
			vertex -10.50000 -7.01588 12.06176
		endloop
	endfacet
	facet normal -1.00000 0.00000 0.00000
		outer loop
			vertex -10.50000 4.34924 8.81781
			vertex -10.50000 -7.01588 12.06176
			vertex -10.50000 -7.20721 12.46383
		endloop
	endfacet
	facet normal -1.00000 0.00000 0.00000
		outer loop
			vertex -10.50000 4.34924 8.81781
			vertex -10.50000 -7.20721 12.46383
			vertex -10.50000 -7.59906 15.00000
		endloop
	endfacet
	facet normal -1.00000 0.00000 0.00000
		outer loop
			vertex -10.50000 4.34924 8.81781
			vertex -10.50000 -7.59906 15.00000
			vertex -10.50000 -7.20721 17.53617
		endloop
	endfacet
	facet normal -1.00000 0.00000 0.00000
		outer loop
			vertex -10.50000 4.34924 8.81781
			vertex -10.50000 -7.20721 17.53617
			vertex -10.50000 -7.01588 17.93824
		endloop
	endfacet
	facet normal -1.00000 0.00000 0.00000
		outer loop
			vertex -10.50000 4.34924 8.81781
			vertex -10.50000 -7.01588 17.93824
			vertex -10.50000 -5.71159 19.97488
		endloop
	endfacet
	facet normal -1.00000 0.00000 0.00000
		outer loop
			vertex -10.50000 4.34924 8.81781
			vertex -10.50000 -5.71159 19.97488
			vertex -10.50000 -4.34924 21.18219
		endloop
	endfacet
	facet normal -1.00000 0.00000 0.00000
		outer loop
			vertex -10.50000 4.34924 8.81781
			vertex -10.50000 -4.34924 21.18219
			vertex -10.50000 -2.44306 22.22241
		endloop
	endfacet
	facet normal -1.00000 0.00000 0.00000
		outer loop
			vertex -10.50000 4.34924 8.81781
			vertex -10.50000 -2.44306 22.22241
			vertex -10.50000 -2.08858 22.34840
		endloop
	endfacet
	facet normal -1.00000 0.00000 0.00000
		outer loop
			vertex -10.50000 4.34924 8.81781
			vertex -10.50000 -2.08858 22.34840
			vertex -10.50000 -0.00000 22.59906
		endloop
	endfacet
	facet normal -1.00000 0.00000 0.00000
		outer loop
			vertex -10.50000 4.34924 8.81781
			vertex -10.50000 -0.00000 22.59906
			vertex -10.50000 2.08858 22.34840
		endloop
	endfacet
	facet normal -1.00000 0.00000 0.00000
		outer loop
			vertex -10.50000 4.34924 8.81781
			vertex -10.50000 2.08858 22.34840
			vertex -10.50000 2.44306 22.22241
		endloop
	endfacet
	facet normal -1.00000 0.00000 0.00000
		outer loop
			vertex -10.50000 4.34924 8.81781
			vertex -10.50000 2.44306 22.22241
			vertex -10.50000 4.34924 21.18219
		endloop
	endfacet
	facet normal -1.00000 0.00000 0.00000
		outer loop
			vertex -10.50000 4.34924 8.81781
			vertex -10.50000 4.34924 21.18219
			vertex -10.50000 5.71159 19.97488
		endloop
	endfacet
	facet normal -1.00000 0.00000 0.00000
		outer loop
			vertex -10.50000 4.34924 8.81781
			vertex -10.50000 5.71159 19.97488
			vertex -10.50000 7.01588 17.93824
		endloop
	endfacet
	facet normal -1.00000 0.00000 0.00000
		outer loop
			vertex -10.50000 4.34924 8.81781
			vertex -10.50000 7.01588 17.93824
			vertex -10.50000 7.20721 17.53617
		endloop
	endfacet
	facet normal -1.00000 0.00000 0.00000
		outer loop
			vertex -10.50000 4.34924 8.81781
			vertex -10.50000 7.20721 17.53617
			vertex -10.50000 7.59906 15.00000
		endloop
	endfacet
	facet normal -1.00000 0.00000 0.00000
		outer loop
			vertex -10.50000 4.34924 8.81781
			vertex -10.50000 7.59906 15.00000
			vertex -10.50000 7.20721 12.46383
		endloop
	endfacet
	facet normal -1.00000 0.00000 0.00000
		outer loop
			vertex -10.50000 4.34924 8.81781
			vertex -10.50000 7.20721 12.46383
			vertex -10.50000 7.01588 12.06176
		endloop
	endfacet
	facet normal -1.00000 0.00000 0.00000
		outer loop
			vertex -10.50000 4.34924 8.81781
			vertex -10.50000 7.01588 12.06176
			vertex -10.50000 5.71159 10.02512
		endloop
	endfacet
	facet normal 1.00000 0.00000 0.00000
		outer loop
			vertex 10.50000 0.00000 22.59906
			vertex 10.50000 -2.08858 22.34840
			vertex 10.50000 -2.44306 22.22241
		endloop
	endfacet
	facet normal 1.00000 0.00000 0.00000
		outer loop
			vertex 10.50000 0.00000 22.59906
			vertex 10.50000 -2.44306 22.22241
			vertex 10.50000 -4.34924 21.18219
		endloop
	endfacet
	facet normal 1.00000 0.00000 0.00000
		outer loop
			vertex 10.50000 0.00000 22.59906
			vertex 10.50000 -4.34924 21.18219
			vertex 10.50000 -5.71159 19.97488
		endloop
	endfacet
	facet normal 1.00000 0.00000 0.00000
		outer loop
			vertex 10.50000 0.00000 22.59906
			vertex 10.50000 -5.71159 19.97488
			vertex 10.50000 -7.01588 17.93824
		endloop
	endfacet
	facet normal 1.00000 0.00000 0.00000
		outer loop
			vertex 10.50000 0.00000 22.59906
			vertex 10.50000 -7.01588 17.93824
			vertex 10.50000 -7.20721 17.53617
		endloop
	endfacet
	facet normal 1.00000 0.00000 0.00000
		outer loop
			vertex 10.50000 0.00000 22.59906
			vertex 10.50000 -7.20721 17.53617
			vertex 10.50000 -7.59906 15.00000
		endloop
	endfacet
	facet normal 1.00000 0.00000 0.00000
		outer loop
			vertex 10.50000 0.00000 22.59906
			vertex 10.50000 -7.59906 15.00000
			vertex 10.50000 -7.20721 12.46383
		endloop
	endfacet
	facet normal 1.00000 0.00000 0.00000
		outer loop
			vertex 10.50000 0.00000 22.59906
			vertex 10.50000 -7.20721 12.46383
			vertex 10.50000 -7.01588 12.06176
		endloop
	endfacet
	facet normal 1.00000 0.00000 0.00000
		outer loop
			vertex 10.50000 0.00000 22.59906
			vertex 10.50000 -7.01588 12.06176
			vertex 10.50000 -5.71159 10.02512
		endloop
	endfacet
	facet normal 1.00000 0.00000 0.00000
		outer loop
			vertex 10.50000 0.00000 22.59906
			vertex 10.50000 -5.71159 10.02512
			vertex 10.50000 -4.34924 8.81781
		endloop
	endfacet
	facet normal 1.00000 0.00000 0.00000
		outer loop
			vertex 10.50000 0.00000 22.59906
			vertex 10.50000 -4.34924 8.81781
			vertex 10.50000 -2.44306 7.77759
		endloop
	endfacet
	facet normal 1.00000 0.00000 0.00000
		outer loop
			vertex 10.50000 0.00000 22.59906
			vertex 10.50000 -2.44306 7.77759
			vertex 10.50000 -2.08858 7.65160
		endloop
	endfacet
	facet normal 1.00000 0.00000 0.00000
		outer loop
			vertex 10.50000 0.00000 22.59906
			vertex 10.50000 -2.08858 7.65160
			vertex 10.50000 0.00000 7.40094
		endloop
	endfacet
	facet normal 1.00000 0.00000 0.00000
		outer loop
			vertex 10.50000 0.00000 22.59906
			vertex 10.50000 0.00000 7.40094
			vertex 10.50000 2.08858 7.65160
		endloop
	endfacet
	facet normal 1.00000 0.00000 0.00000
		outer loop
			vertex 10.50000 0.00000 22.59906
			vertex 10.50000 2.08858 7.65160
			vertex 10.50000 2.44306 7.77759
		endloop
	endfacet
	facet normal 1.00000 0.00000 0.00000
		outer loop
			vertex 10.50000 0.00000 22.59906
			vertex 10.50000 2.44306 7.77759
			vertex 10.50000 4.34924 8.81781
		endloop
	endfacet
	facet normal 1.00000 0.00000 0.00000
		outer loop
			vertex 10.50000 0.00000 22.59906
			vertex 10.50000 4.34924 8.81781
			vertex 10.50000 5.71159 10.02512
		endloop
	endfacet
	facet normal 1.00000 0.00000 0.00000
		outer loop
			vertex 10.50000 0.00000 22.59906
			vertex 10.50000 5.71159 10.02512
			vertex 10.50000 7.01588 12.06176
		endloop
	endfacet
	facet normal 1.00000 0.00000 0.00000
		outer loop
			vertex 10.50000 0.00000 22.59906
			vertex 10.50000 7.01588 12.06176
			vertex 10.50000 7.20721 12.46383
		endloop
	endfacet
	facet normal 1.00000 0.00000 0.00000
		outer loop
			vertex 10.50000 0.00000 22.59906
			vertex 10.50000 7.20721 12.46383
			vertex 10.50000 7.59906 15.00000
		endloop
	endfacet
	facet normal 1.00000 0.00000 0.00000
		outer loop
			vertex 10.50000 0.00000 22.59906
			vertex 10.50000 7.59906 15.00000
			vertex 10.50000 7.20721 17.53617
		endloop
	endfacet
	facet normal 1.00000 0.00000 0.00000
		outer loop
			vertex 10.50000 0.00000 22.59906
			vertex 10.50000 7.20721 17.53617
			vertex 10.50000 7.01588 17.93824
		endloop
	endfacet
	facet normal 1.00000 0.00000 0.00000
		outer loop
			vertex 10.50000 0.00000 22.59906
			vertex 10.50000 7.01588 17.93824
			vertex 10.50000 5.71159 19.97488
		endloop
	endfacet
	facet normal 1.00000 0.00000 0.00000
		outer loop
			vertex 10.50000 0.00000 22.59906
			vertex 10.50000 5.71159 19.97488
			vertex 10.50000 4.34924 21.18219
		endloop
	endfacet
	facet normal 1.00000 0.00000 0.00000
		outer loop
			vertex 10.50000 0.00000 22.59906
			vertex 10.50000 4.34924 21.18219
			vertex 10.50000 2.44306 22.22241
		endloop
	endfacet
	facet normal 1.00000 0.00000 0.00000
		outer loop
			vertex 10.50000 0.00000 22.59906
			vertex 10.50000 2.44306 22.22241
			vertex 10.50000 2.08858 22.34840
		endloop
	endfacet
	facet normal 0.00000 -1.00000 0.00000
		outer loop
			vertex 2.08858 -10.50000 7.65160
			vertex 2.44306 -10.50000 7.77759
			vertex 4.34924 -10.50000 8.81781
		endloop
	endfacet
	facet normal 0.00000 -1.00000 0.00000
		outer loop
			vertex 2.08858 -10.50000 7.65160
			vertex 4.34924 -10.50000 8.81781
			vertex 5.71159 -10.50000 10.02512
		endloop
	endfacet
	facet normal 0.00000 -1.00000 0.00000
		outer loop
			vertex 2.08858 -10.50000 7.65160
			vertex 5.71159 -10.50000 10.02512
			vertex 7.01588 -10.50000 12.06176
		endloop
	endfacet
	facet normal 0.00000 -1.00000 0.00000
		outer loop
			vertex 2.08858 -10.50000 7.65160
			vertex 7.01588 -10.50000 12.06176
			vertex 7.20721 -10.50000 12.46383
		endloop
	endfacet
	facet normal 0.00000 -1.00000 0.00000
		outer loop
			vertex 2.08858 -10.50000 7.65160
			vertex 7.20721 -10.50000 12.46383
			vertex 7.59906 -10.50000 15.00000
		endloop
	endfacet
	facet normal 0.00000 -1.00000 0.00000
		outer loop
			vertex 2.08858 -10.50000 7.65160
			vertex 7.59906 -10.50000 15.00000
			vertex 7.20721 -10.50000 17.53617
		endloop
	endfacet
	facet normal 0.00000 -1.00000 0.00000
		outer loop
			vertex 2.08858 -10.50000 7.65160
			vertex 7.20721 -10.50000 17.53617
			vertex 7.01588 -10.50000 17.93824
		endloop
	endfacet
	facet normal 0.00000 -1.00000 0.00000
		outer loop
			vertex 2.08858 -10.50000 7.65160
			vertex 7.01588 -10.50000 17.93824
			vertex 5.71159 -10.50000 19.97488
		endloop
	endfacet
	facet normal 0.00000 -1.00000 0.00000
		outer loop
			vertex 2.08858 -10.50000 7.65160
			vertex 5.71159 -10.50000 19.97488
			vertex 4.34924 -10.50000 21.18219
		endloop
	endfacet
	facet normal 0.00000 -1.00000 0.00000
		outer loop
			vertex 2.08858 -10.50000 7.65160
			vertex 4.34924 -10.50000 21.18219
			vertex 2.44306 -10.50000 22.22241
		endloop
	endfacet
	facet normal 0.00000 -1.00000 0.00000
		outer loop
			vertex 2.08858 -10.50000 7.65160
			vertex 2.44306 -10.50000 22.22241
			vertex 2.08858 -10.50000 22.34840
		endloop
	endfacet
	facet normal 0.00000 -1.00000 0.00000
		outer loop
			vertex 2.08858 -10.50000 7.65160
			vertex 2.08858 -10.50000 22.34840
			vertex 0.00000 -10.50000 22.59906
		endloop
	endfacet
	facet normal 0.00000 -1.00000 0.00000
		outer loop
			vertex 2.08858 -10.50000 7.65160
			vertex 0.00000 -10.50000 22.59906
			vertex -2.08858 -10.50000 22.34840
		endloop
	endfacet
	facet normal 0.00000 -1.00000 0.00000
		outer loop
			vertex 2.08858 -10.50000 7.65160
			vertex -2.08858 -10.50000 22.34840
			vertex -2.44306 -10.50000 22.22241
		endloop
	endfacet
	facet normal 0.00000 -1.00000 0.00000
		outer loop
			vertex 2.08858 -10.50000 7.65160
			vertex -2.44306 -10.50000 22.22241
			vertex -4.34924 -10.50000 21.18219
		endloop
	endfacet
	facet normal 0.00000 -1.00000 0.00000
		outer loop
			vertex 2.08858 -10.50000 7.65160
			vertex -4.34924 -10.50000 21.18219
			vertex -5.71159 -10.50000 19.97488
		endloop
	endfacet
	facet normal 0.00000 -1.00000 0.00000
		outer loop
			vertex 2.08858 -10.50000 7.65160
			vertex -5.71159 -10.50000 19.97488
			vertex -7.01588 -10.50000 17.93824
		endloop
	endfacet
	facet normal 0.00000 -1.00000 0.00000
		outer loop
			vertex 2.08858 -10.50000 7.65160
			vertex -7.01588 -10.50000 17.93824
			vertex -7.20721 -10.50000 17.53617
		endloop
	endfacet
	facet normal 0.00000 -1.00000 0.00000
		outer loop
			vertex 2.08858 -10.50000 7.65160
			vertex -7.20721 -10.50000 17.53617
			vertex -7.59906 -10.50000 15.00000
		endloop
	endfacet
	facet normal 0.00000 -1.00000 0.00000
		outer loop
			vertex 2.08858 -10.50000 7.65160
			vertex -7.59906 -10.50000 15.00000
			vertex -7.20721 -10.50000 12.46383
		endloop
	endfacet
	facet normal 0.00000 -1.00000 0.00000
		outer loop
			vertex 2.08858 -10.50000 7.65160
			vertex -7.20721 -10.50000 12.46383
			vertex -7.01588 -10.50000 12.06176
		endloop
	endfacet
	facet normal 0.00000 -1.00000 0.00000
		outer loop
			vertex 2.08858 -10.50000 7.65160
			vertex -7.01588 -10.50000 12.06176
			vertex -5.71159 -10.50000 10.02512
		endloop
	endfacet
	facet normal 0.00000 -1.00000 0.00000
		outer loop
			vertex 2.08858 -10.50000 7.65160
			vertex -5.71159 -10.50000 10.02512
			vertex -4.34924 -10.50000 8.81781
		endloop
	endfacet
	facet normal 0.00000 -1.00000 0.00000
		outer loop
			vertex 2.08858 -10.50000 7.65160
			vertex -4.34924 -10.50000 8.81781
			vertex -2.44306 -10.50000 7.77759
		endloop
	endfacet
	facet normal 0.00000 -1.00000 0.00000
		outer loop
			vertex 2.08858 -10.50000 7.65160
			vertex -2.44306 -10.50000 7.77759
			vertex -2.08858 -10.50000 7.65160
		endloop
	endfacet
	facet normal 0.00000 -1.00000 0.00000
		outer loop
			vertex 2.08858 -10.50000 7.65160
			vertex -2.08858 -10.50000 7.65160
			vertex 0.00000 -10.50000 7.40094
		endloop
	endfacet
	facet normal 0.00000 1.00000 0.00000
		outer loop
			vertex 4.34924 10.50000 8.81781
			vertex 2.44306 10.50000 7.77759
			vertex 2.08858 10.50000 7.65160
		endloop
	endfacet
	facet normal 0.00000 1.00000 0.00000
		outer loop
			vertex 4.34924 10.50000 8.81781
			vertex 2.08858 10.50000 7.65160
			vertex -0.00000 10.50000 7.40094
		endloop
	endfacet
	facet normal 0.00000 1.00000 0.00000
		outer loop
			vertex 4.34924 10.50000 8.81781
			vertex -0.00000 10.50000 7.40094
			vertex -2.08858 10.50000 7.65160
		endloop
	endfacet
	facet normal 0.00000 1.00000 0.00000
		outer loop
			vertex 4.34924 10.50000 8.81781
			vertex -2.08858 10.50000 7.65160
			vertex -2.44306 10.50000 7.77759
		endloop
	endfacet
	facet normal 0.00000 1.00000 0.00000
		outer loop
			vertex 4.34924 10.50000 8.81781
			vertex -2.44306 10.50000 7.77759
			vertex -4.34924 10.50000 8.81781
		endloop
	endfacet
	facet normal 0.00000 1.00000 0.00000
		outer loop
			vertex 4.34924 10.50000 8.81781
			vertex -4.34924 10.50000 8.81781
			vertex -5.71159 10.50000 10.02512
		endloop
	endfacet
	facet normal 0.00000 1.00000 0.00000
		outer loop
			vertex 4.34924 10.50000 8.81781
			vertex -5.71159 10.50000 10.02512
			vertex -7.01588 10.50000 12.06176
		endloop
	endfacet
	facet normal 0.00000 1.00000 0.00000
		outer loop
			vertex 4.34924 10.50000 8.81781
			vertex -7.01588 10.50000 12.06176
			vertex -7.20721 10.50000 12.46383
		endloop
	endfacet
	facet normal 0.00000 1.00000 0.00000
		outer loop
			vertex 4.34924 10.50000 8.81781
			vertex -7.20721 10.50000 12.46383
			vertex -7.59906 10.50000 15.00000
		endloop
	endfacet
	facet normal 0.00000 1.00000 0.00000
		outer loop
			vertex 4.34924 10.50000 8.81781
			vertex -7.59906 10.50000 15.00000
			vertex -7.20721 10.50000 17.53617
		endloop
	endfacet
	facet normal 0.00000 1.00000 0.00000
		outer loop
			vertex 4.34924 10.50000 8.81781
			vertex -7.20721 10.50000 17.53617
			vertex -7.01588 10.50000 17.93824
		endloop
	endfacet
	facet normal 0.00000 1.00000 0.00000
		outer loop
			vertex 4.34924 10.50000 8.81781
			vertex -7.01588 10.50000 17.93824
			vertex -5.71159 10.50000 19.97488
		endloop
	endfacet
	facet normal 0.00000 1.00000 0.00000
		outer loop
			vertex 4.34924 10.50000 8.81781
			vertex -5.71159 10.50000 19.97488
			vertex -4.34924 10.50000 21.18219
		endloop
	endfacet
	facet normal 0.00000 1.00000 0.00000
		outer loop
			vertex 4.34924 10.50000 8.81781
			vertex -4.34924 10.50000 21.18219
			vertex -2.44306 10.50000 22.22241
		endloop
	endfacet
	facet normal 0.00000 1.00000 0.00000
		outer loop
			vertex 4.34924 10.50000 8.81781
			vertex -2.44306 10.50000 22.22241
			vertex -2.08858 10.50000 22.34840
		endloop
	endfacet
	facet normal 0.00000 1.00000 0.00000
		outer loop
			vertex 4.34924 10.50000 8.81781
			vertex -2.08858 10.50000 22.34840
			vertex -0.00000 10.50000 22.59906
		endloop
	endfacet
	facet normal 0.00000 1.00000 0.00000
		outer loop
			vertex 4.34924 10.50000 8.81781
			vertex -0.00000 10.50000 22.59906
			vertex 2.08858 10.50000 22.34840
		endloop
	endfacet
	facet normal 0.00000 1.00000 0.00000
		outer loop
			vertex 4.34924 10.50000 8.81781
			vertex 2.08858 10.50000 22.34840
			vertex 2.44306 10.50000 22.22241
		endloop
	endfacet
	facet normal 0.00000 1.00000 0.00000
		outer loop
			vertex 4.34924 10.50000 8.81781
			vertex 2.44306 10.50000 22.22241
			vertex 4.34924 10.50000 21.18219
		endloop
	endfacet
	facet normal 0.00000 1.00000 0.00000
		outer loop
			vertex 4.34924 10.50000 8.81781
			vertex 4.34924 10.50000 21.18219
			vertex 5.71159 10.50000 19.97488
		endloop
	endfacet
	facet normal 0.00000 1.00000 0.00000
		outer loop
			vertex 4.34924 10.50000 8.81781
			vertex 5.71159 10.50000 19.97488
			vertex 7.01588 10.50000 17.93824
		endloop
	endfacet
	facet normal 0.00000 1.00000 0.00000
		outer loop
			vertex 4.34924 10.50000 8.81781
			vertex 7.01588 10.50000 17.93824
			vertex 7.20721 10.50000 17.53617
		endloop
	endfacet
	facet normal 0.00000 1.00000 0.00000
		outer loop
			vertex 4.34924 10.50000 8.81781
			vertex 7.20721 10.50000 17.53617
			vertex 7.59906 10.50000 15.00000
		endloop
	endfacet
	facet normal 0.00000 1.00000 0.00000
		outer loop
			vertex 4.34924 10.50000 8.81781
			vertex 7.59906 10.50000 15.00000
			vertex 7.20721 10.50000 12.46383
		endloop
	endfacet
	facet normal 0.00000 1.00000 0.00000
		outer loop
			vertex 4.34924 10.50000 8.81781
			vertex 7.20721 10.50000 12.46383
			vertex 7.01588 10.50000 12.06176
		endloop
	endfacet
	facet normal 0.00000 1.00000 0.00000
		outer loop
			vertex 4.34924 10.50000 8.81781
			vertex 7.01588 10.50000 12.06176
			vertex 5.71159 10.50000 10.02512
		endloop
	endfacet
	facet normal 0.00000 0.00000 -1.00000
		outer loop
			vertex 7.59906 0.00000 4.50000
			vertex 7.45304 -1.48250 4.50000
			vertex 7.02061 -2.90803 4.50000
		endloop
	endfacet
	facet normal 0.00000 0.00000 -1.00000
		outer loop
			vertex 7.59906 0.00000 4.50000
			vertex 7.02061 -2.90803 4.50000
			vertex 6.31839 -4.22181 4.50000
		endloop
	endfacet
	facet normal 0.00000 0.00000 -1.00000
		outer loop
			vertex 7.59906 0.00000 4.50000
			vertex 6.31839 -4.22181 4.50000
			vertex 5.37335 -5.37335 4.50000
		endloop
	endfacet
	facet normal 0.00000 0.00000 -1.00000
		outer loop
			vertex 7.59906 0.00000 4.50000
			vertex 5.37335 -5.37335 4.50000
			vertex 4.22181 -6.31839 4.50000
		endloop
	endfacet
	facet normal 0.00000 0.00000 -1.00000
		outer loop
			vertex 7.59906 0.00000 4.50000
			vertex 4.22181 -6.31839 4.50000
			vertex 2.90803 -7.02061 4.50000
		endloop
	endfacet
	facet normal 0.00000 0.00000 -1.00000
		outer loop
			vertex 7.59906 0.00000 4.50000
			vertex 2.90803 -7.02061 4.50000
			vertex 1.48250 -7.45304 4.50000
		endloop
	endfacet
	facet normal 0.00000 0.00000 -1.00000
		outer loop
			vertex 7.59906 0.00000 4.50000
			vertex 1.48250 -7.45304 4.50000
			vertex 0.00000 -7.59906 4.50000
		endloop
	endfacet
	facet normal 0.00000 0.00000 -1.00000
		outer loop
			vertex 7.59906 0.00000 4.50000
			vertex 0.00000 -7.59906 4.50000
			vertex -1.48250 -7.45304 4.50000
		endloop
	endfacet
	facet normal 0.00000 0.00000 -1.00000
		outer loop
			vertex 7.59906 0.00000 4.50000
			vertex -1.48250 -7.45304 4.50000
			vertex -2.90803 -7.02061 4.50000
		endloop
	endfacet
	facet normal 0.00000 0.00000 -1.00000
		outer loop
			vertex 7.59906 0.00000 4.50000
			vertex -2.90803 -7.02061 4.50000
			vertex -4.22181 -6.31839 4.50000
		endloop
	endfacet
	facet normal 0.00000 0.00000 -1.00000
		outer loop
			vertex 7.59906 0.00000 4.50000
			vertex -4.22181 -6.31839 4.50000
			vertex -5.37335 -5.37335 4.50000
		endloop
	endfacet
	facet normal 0.00000 0.00000 -1.00000
		outer loop
			vertex 7.59906 0.00000 4.50000
			vertex -5.37335 -5.37335 4.50000
			vertex -6.31839 -4.22181 4.50000
		endloop
	endfacet
	facet normal 0.00000 0.00000 -1.00000
		outer loop
			vertex 7.59906 0.00000 4.50000
			vertex -6.31839 -4.22181 4.50000
			vertex -7.02061 -2.90803 4.50000
		endloop
	endfacet
	facet normal 0.00000 0.00000 -1.00000
		outer loop
			vertex 7.59906 0.00000 4.50000
			vertex -7.02061 -2.90803 4.50000
			vertex -7.45304 -1.48250 4.50000
		endloop
	endfacet
	facet normal 0.00000 0.00000 -1.00000
		outer loop
			vertex 7.59906 0.00000 4.50000
			vertex -7.45304 -1.48250 4.50000
			vertex -7.59906 -0.00000 4.50000
		endloop
	endfacet
	facet normal 0.00000 0.00000 -1.00000
		outer loop
			vertex 7.59906 0.00000 4.50000
			vertex -7.59906 -0.00000 4.50000
			vertex -7.45304 1.48250 4.50000
		endloop
	endfacet
	facet normal 0.00000 0.00000 -1.00000
		outer loop
			vertex 7.59906 0.00000 4.50000
			vertex -7.45304 1.48250 4.50000
			vertex -7.02061 2.90803 4.50000
		endloop
	endfacet
	facet normal 0.00000 0.00000 -1.00000
		outer loop
			vertex 7.59906 0.00000 4.50000
			vertex -7.02061 2.90803 4.50000
			vertex -6.31839 4.22181 4.50000
		endloop
	endfacet
	facet normal 0.00000 0.00000 -1.00000
		outer loop
			vertex 7.59906 0.00000 4.50000
			vertex -6.31839 4.22181 4.50000
			vertex -5.37335 5.37335 4.50000
		endloop
	endfacet
	facet normal 0.00000 0.00000 -1.00000
		outer loop
			vertex 7.59906 0.00000 4.50000
			vertex -5.37335 5.37335 4.50000
			vertex -4.22181 6.31839 4.50000
		endloop
	endfacet
	facet normal 0.00000 0.00000 -1.00000
		outer loop
			vertex 7.59906 0.00000 4.50000
			vertex -4.22181 6.31839 4.50000
			vertex -2.90803 7.02061 4.50000
		endloop
	endfacet
	facet normal 0.00000 0.00000 -1.00000
		outer loop
			vertex 7.59906 0.00000 4.50000
			vertex -2.90803 7.02061 4.50000
			vertex -1.48250 7.45304 4.50000
		endloop
	endfacet
	facet normal 0.00000 0.00000 -1.00000
		outer loop
			vertex 7.59906 0.00000 4.50000
			vertex -1.48250 7.45304 4.50000
			vertex -0.00000 7.59906 4.50000
		endloop
	endfacet
	facet normal 0.00000 0.00000 -1.00000
		outer loop
			vertex 7.59906 0.00000 4.50000
			vertex -0.00000 7.59906 4.50000
			vertex 1.48250 7.45304 4.50000
		endloop
	endfacet
	facet normal 0.00000 0.00000 -1.00000
		outer loop
			vertex 7.59906 0.00000 4.50000
			vertex 1.48250 7.45304 4.50000
			vertex 2.90803 7.02061 4.50000
		endloop
	endfacet
	facet normal 0.00000 0.00000 -1.00000
		outer loop
			vertex 7.59906 0.00000 4.50000
			vertex 2.90803 7.02061 4.50000
			vertex 4.22181 6.31839 4.50000
		endloop
	endfacet
	facet normal 0.00000 0.00000 -1.00000
		outer loop
			vertex 7.59906 0.00000 4.50000
			vertex 4.22181 6.31839 4.50000
			vertex 5.37335 5.37335 4.50000
		endloop
	endfacet
	facet normal 0.00000 0.00000 -1.00000
		outer loop
			vertex 7.59906 0.00000 4.50000
			vertex 5.37335 5.37335 4.50000
			vertex 6.31839 4.22181 4.50000
		endloop
	endfacet
	facet normal 0.00000 0.00000 -1.00000
		outer loop
			vertex 7.59906 0.00000 4.50000
			vertex 6.31839 4.22181 4.50000
			vertex 7.02061 2.90803 4.50000
		endloop
	endfacet
	facet normal 0.00000 0.00000 -1.00000
		outer loop
			vertex 7.59906 0.00000 4.50000
			vertex 7.02061 2.90803 4.50000
			vertex 7.45304 1.48250 4.50000
		endloop
	endfacet
	facet normal 0.00000 0.00000 1.00000
		outer loop
			vertex 1.48250 -7.45304 25.50000
			vertex 2.90803 -7.02061 25.50000
			vertex 4.22181 -6.31839 25.50000
		endloop
	endfacet
	facet normal 0.00000 0.00000 1.00000
		outer loop
			vertex 1.48250 -7.45304 25.50000
			vertex 4.22181 -6.31839 25.50000
			vertex 5.37335 -5.37335 25.50000
		endloop
	endfacet
	facet normal 0.00000 0.00000 1.00000
		outer loop
			vertex 1.48250 -7.45304 25.50000
			vertex 5.37335 -5.37335 25.50000
			vertex 6.31839 -4.22181 25.50000
		endloop
	endfacet
	facet normal 0.00000 0.00000 1.00000
		outer loop
			vertex 1.48250 -7.45304 25.50000
			vertex 6.31839 -4.22181 25.50000
			vertex 7.02061 -2.90803 25.50000
		endloop
	endfacet
	facet normal 0.00000 0.00000 1.00000
		outer loop
			vertex 1.48250 -7.45304 25.50000
			vertex 7.02061 -2.90803 25.50000
			vertex 7.45304 -1.48250 25.50000
		endloop
	endfacet
	facet normal 0.00000 0.00000 1.00000
		outer loop
			vertex 1.48250 -7.45304 25.50000
			vertex 7.45304 -1.48250 25.50000
			vertex 7.59906 0.00000 25.50000
		endloop
	endfacet
	facet normal 0.00000 0.00000 1.00000
		outer loop
			vertex 1.48250 -7.45304 25.50000
			vertex 7.59906 0.00000 25.50000
			vertex 7.45304 1.48250 25.50000
		endloop
	endfacet
	facet normal 0.00000 0.00000 1.00000
		outer loop
			vertex 1.48250 -7.45304 25.50000
			vertex 7.45304 1.48250 25.50000
			vertex 7.02061 2.90803 25.50000
		endloop
	endfacet
	facet normal 0.00000 0.00000 1.00000
		outer loop
			vertex 1.48250 -7.45304 25.50000
			vertex 7.02061 2.90803 25.50000
			vertex 6.31839 4.22181 25.50000
		endloop
	endfacet
	facet normal 0.00000 0.00000 1.00000
		outer loop
			vertex 1.48250 -7.45304 25.50000
			vertex 6.31839 4.22181 25.50000
			vertex 5.37335 5.37335 25.50000
		endloop
	endfacet
	facet normal 0.00000 0.00000 1.00000
		outer loop
			vertex 1.48250 -7.45304 25.50000
			vertex 5.37335 5.37335 25.50000
			vertex 4.22181 6.31839 25.50000
		endloop
	endfacet
	facet normal 0.00000 0.00000 1.00000
		outer loop
			vertex 1.48250 -7.45304 25.50000
			vertex 4.22181 6.31839 25.50000
			vertex 2.90803 7.02061 25.50000
		endloop
	endfacet
	facet normal 0.00000 0.00000 1.00000
		outer loop
			vertex 1.48250 -7.45304 25.50000
			vertex 2.90803 7.02061 25.50000
			vertex 1.48250 7.45304 25.50000
		endloop
	endfacet
	facet normal 0.00000 0.00000 1.00000
		outer loop
			vertex 1.48250 -7.45304 25.50000
			vertex 1.48250 7.45304 25.50000
			vertex -0.00000 7.59906 25.50000
		endloop
	endfacet
	facet normal 0.00000 0.00000 1.00000
		outer loop
			vertex 1.48250 -7.45304 25.50000
			vertex -0.00000 7.59906 25.50000
			vertex -1.48250 7.45304 25.50000
		endloop
	endfacet
	facet normal 0.00000 0.00000 1.00000
		outer loop
			vertex 1.48250 -7.45304 25.50000
			vertex -1.48250 7.45304 25.50000
			vertex -2.90803 7.02061 25.50000
		endloop
	endfacet
	facet normal 0.00000 0.00000 1.00000
		outer loop
			vertex 1.48250 -7.45304 25.50000
			vertex -2.90803 7.02061 25.50000
			vertex -4.22181 6.31839 25.50000
		endloop
	endfacet
	facet normal 0.00000 0.00000 1.00000
		outer loop
			vertex 1.48250 -7.45304 25.50000
			vertex -4.22181 6.31839 25.50000
			vertex -5.37335 5.37335 25.50000
		endloop
	endfacet
	facet normal 0.00000 0.00000 1.00000
		outer loop
			vertex 1.48250 -7.45304 25.50000
			vertex -5.37335 5.37335 25.50000
			vertex -6.31839 4.22181 25.50000
		endloop
	endfacet
	facet normal 0.00000 0.00000 1.00000
		outer loop
			vertex 1.48250 -7.45304 25.50000
			vertex -6.31839 4.22181 25.50000
			vertex -7.02061 2.90803 25.50000
		endloop
	endfacet
	facet normal 0.00000 0.00000 1.00000
		outer loop
			vertex 1.48250 -7.45304 25.50000
			vertex -7.02061 2.90803 25.50000
			vertex -7.45304 1.48250 25.50000
		endloop
	endfacet
	facet normal 0.00000 0.00000 1.00000
		outer loop
			vertex 1.48250 -7.45304 25.50000
			vertex -7.45304 1.48250 25.50000
			vertex -7.59906 -0.00000 25.50000
		endloop
	endfacet
	facet normal 0.00000 0.00000 1.00000
		outer loop
			vertex 1.48250 -7.45304 25.50000
			vertex -7.59906 -0.00000 25.50000
			vertex -7.45304 -1.48250 25.50000
		endloop
	endfacet
	facet normal 0.00000 0.00000 1.00000
		outer loop
			vertex 1.48250 -7.45304 25.50000
			vertex -7.45304 -1.48250 25.50000
			vertex -7.02061 -2.90803 25.50000
		endloop
	endfacet
	facet normal 0.00000 0.00000 1.00000
		outer loop
			vertex 1.48250 -7.45304 25.50000
			vertex -7.02061 -2.90803 25.50000
			vertex -6.31839 -4.22181 25.50000
		endloop
	endfacet
	facet normal 0.00000 0.00000 1.00000
		outer loop
			vertex 1.48250 -7.45304 25.50000
			vertex -6.31839 -4.22181 25.50000
			vertex -5.37335 -5.37335 25.50000
		endloop
	endfacet
	facet normal 0.00000 0.00000 1.00000
		outer loop
			vertex 1.48250 -7.45304 25.50000
			vertex -5.37335 -5.37335 25.50000
			vertex -4.22181 -6.31839 25.50000
		endloop
	endfacet
	facet normal 0.00000 0.00000 1.00000
		outer loop
			vertex 1.48250 -7.45304 25.50000
			vertex -4.22181 -6.31839 25.50000
			vertex -2.90803 -7.02061 25.50000
		endloop
	endfacet
	facet normal 0.00000 0.00000 1.00000
		outer loop
			vertex 1.48250 -7.45304 25.50000
			vertex -2.90803 -7.02061 25.50000
			vertex -1.48250 -7.45304 25.50000
		endloop
	endfacet
	facet normal 0.00000 0.00000 1.00000
		outer loop
			vertex 1.48250 -7.45304 25.50000
			vertex -1.48250 -7.45304 25.50000
			vertex 0.00000 -7.59906 25.50000
		endloop
	endfacet
endsolid new_object
